-- phpMyAdmin SQL Dump
-- version 4.7.9
-- https://www.phpmyadmin.net/
--
-- Хост: 127.0.0.1
-- Время создания: Апр 21 2019 г., 15:19
-- Версия сервера: 5.7.22-22-log
-- Версия PHP: 5.6.37

SET SQL_MODE = "NO_AUTO_VALUE_ON_ZERO";
SET AUTOCOMMIT = 0;
START TRANSACTION;
SET time_zone = "+00:00";


/*!40101 SET @OLD_CHARACTER_SET_CLIENT=@@CHARACTER_SET_CLIENT */;
/*!40101 SET @OLD_CHARACTER_SET_RESULTS=@@CHARACTER_SET_RESULTS */;
/*!40101 SET @OLD_COLLATION_CONNECTION=@@COLLATION_CONNECTION */;
/*!40101 SET NAMES utf8mb4 */;

--
-- База данных: `a268004_1`
--
CREATE DATABASE IF NOT EXISTS `a268004_1` DEFAULT CHARACTER SET utf8mb4 COLLATE utf8mb4_unicode_ci;
USE `a268004_1`;

-- --------------------------------------------------------

--
-- Структура таблицы `auth_group`
--

CREATE TABLE `auth_group` (
  `id` int(11) NOT NULL,
  `name` varchar(80) NOT NULL
) ENGINE=MyISAM DEFAULT CHARSET=cp1251;

--
-- Дамп данных таблицы `auth_group`
--

INSERT INTO `auth_group` (`id`, `name`) VALUES
(1, 'Редактор');

-- --------------------------------------------------------

--
-- Структура таблицы `auth_group_permissions`
--

CREATE TABLE `auth_group_permissions` (
  `id` int(11) NOT NULL,
  `group_id` int(11) NOT NULL,
  `permission_id` int(11) NOT NULL
) ENGINE=MyISAM DEFAULT CHARSET=cp1251;

--
-- Дамп данных таблицы `auth_group_permissions`
--

INSERT INTO `auth_group_permissions` (`id`, `group_id`, `permission_id`) VALUES
(1, 1, 32),
(2, 1, 33),
(3, 1, 19),
(4, 1, 20),
(5, 1, 21),
(6, 1, 22),
(7, 1, 23),
(8, 1, 24),
(9, 1, 25),
(10, 1, 26),
(11, 1, 27),
(12, 1, 28),
(13, 1, 29),
(14, 1, 30),
(15, 1, 31);

-- --------------------------------------------------------

--
-- Структура таблицы `auth_permission`
--

CREATE TABLE `auth_permission` (
  `id` int(11) NOT NULL,
  `name` varchar(255) NOT NULL,
  `content_type_id` int(11) NOT NULL,
  `codename` varchar(100) NOT NULL
) ENGINE=MyISAM DEFAULT CHARSET=cp1251;

--
-- Дамп данных таблицы `auth_permission`
--

INSERT INTO `auth_permission` (`id`, `name`, `content_type_id`, `codename`) VALUES
(1, 'Can add log entry', 1, 'add_logentry'),
(2, 'Can change log entry', 1, 'change_logentry'),
(3, 'Can delete log entry', 1, 'delete_logentry'),
(4, 'Can add permission', 2, 'add_permission'),
(5, 'Can change permission', 2, 'change_permission'),
(6, 'Can delete permission', 2, 'delete_permission'),
(7, 'Can add group', 3, 'add_group'),
(8, 'Can change group', 3, 'change_group'),
(9, 'Can delete group', 3, 'delete_group'),
(10, 'Can add user', 4, 'add_user'),
(11, 'Can change user', 4, 'change_user'),
(12, 'Can delete user', 4, 'delete_user'),
(13, 'Can add content type', 5, 'add_contenttype'),
(14, 'Can change content type', 5, 'change_contenttype'),
(15, 'Can delete content type', 5, 'delete_contenttype'),
(16, 'Can add session', 6, 'add_session'),
(17, 'Can change session', 6, 'change_session'),
(18, 'Can delete session', 6, 'delete_session'),
(19, 'Can add Новость', 7, 'add_posts'),
(20, 'Can change Новость', 7, 'change_posts'),
(21, 'Can delete Новость', 7, 'delete_posts'),
(22, 'Can add Категория галереи', 8, 'add_gallerycategory'),
(23, 'Can change Категория галереи', 8, 'change_gallerycategory'),
(24, 'Can delete Категория галереи', 8, 'delete_gallerycategory'),
(25, 'Can add Галерея', 9, 'add_gallery'),
(26, 'Can change Галерея', 9, 'change_gallery'),
(27, 'Can delete Галерея', 9, 'delete_gallery'),
(28, 'Can add Фотография в галерее', 10, 'add_galleryimage'),
(29, 'Can change Фотография в галерее', 10, 'change_galleryimage'),
(30, 'Can delete Фотография в галерее', 10, 'delete_galleryimage'),
(31, 'Can add post image', 11, 'add_postimage'),
(32, 'Can change post image', 11, 'change_postimage'),
(33, 'Can delete post image', 11, 'delete_postimage'),
(34, 'Can add post file', 12, 'add_postfile'),
(35, 'Can change post file', 12, 'change_postfile'),
(36, 'Can delete post file', 12, 'delete_postfile');

-- --------------------------------------------------------

--
-- Структура таблицы `auth_user`
--

CREATE TABLE `auth_user` (
  `id` int(11) NOT NULL,
  `password` varchar(128) NOT NULL,
  `last_login` datetime(6) DEFAULT NULL,
  `is_superuser` tinyint(1) NOT NULL,
  `username` varchar(150) NOT NULL,
  `first_name` varchar(30) NOT NULL,
  `last_name` varchar(150) NOT NULL,
  `email` varchar(254) NOT NULL,
  `is_staff` tinyint(1) NOT NULL,
  `is_active` tinyint(1) NOT NULL,
  `date_joined` datetime(6) NOT NULL
) ENGINE=MyISAM DEFAULT CHARSET=cp1251;

--
-- Дамп данных таблицы `auth_user`
--

INSERT INTO `auth_user` (`id`, `password`, `last_login`, `is_superuser`, `username`, `first_name`, `last_name`, `email`, `is_staff`, `is_active`, `date_joined`) VALUES
(1, 'pbkdf2_sha256$100000$pDoe6AwrSIcE$QEr0Oj2buBTVmfwGUqJllWt1YA5fJzAxvja0VqCb2bs=', '2019-04-21 11:54:33.211871', 1, 'root407admin', 'Мартин', 'Багнюк', 'martin.bagniuk@gmail.com', 1, 1, '2019-01-29 20:54:05.000000'),
(2, 'pbkdf2_sha256$100000$6Cewhp84Z4Jd$gwlLQGwavOAvVpgtxQ9rKreydpc6O/2mkud6unf276U=', '2019-02-12 08:50:19.760019', 1, 'neartem', 'Артем', 'Нечаусов', 'a.nechausov@khai.edu', 1, 1, '2019-01-31 17:57:32.000000'),
(3, 'pbkdf2_sha256$100000$zAdxqE84RPAx$7DKeEvkE685VYyYfJCCMGWByK63mMunNAlieyrftWMQ=', '2019-04-06 19:30:05.284122', 0, 'ilukhinak407', 'Катя', 'Илюхина', 'Ilukhinak1997@gmail.com', 1, 1, '2019-01-31 18:08:09.000000');

-- --------------------------------------------------------

--
-- Структура таблицы `auth_user_groups`
--

CREATE TABLE `auth_user_groups` (
  `id` int(11) NOT NULL,
  `user_id` int(11) NOT NULL,
  `group_id` int(11) NOT NULL
) ENGINE=MyISAM DEFAULT CHARSET=cp1251;

--
-- Дамп данных таблицы `auth_user_groups`
--

INSERT INTO `auth_user_groups` (`id`, `user_id`, `group_id`) VALUES
(1, 3, 1);

-- --------------------------------------------------------

--
-- Структура таблицы `auth_user_user_permissions`
--

CREATE TABLE `auth_user_user_permissions` (
  `id` int(11) NOT NULL,
  `user_id` int(11) NOT NULL,
  `permission_id` int(11) NOT NULL
) ENGINE=MyISAM DEFAULT CHARSET=cp1251;

-- --------------------------------------------------------

--
-- Структура таблицы `blog_gallery`
--

CREATE TABLE `blog_gallery` (
  `id` int(11) NOT NULL,
  `created_at` datetime(6) NOT NULL,
  `updated_at` datetime(6) NOT NULL,
  `category_id` int(11) DEFAULT NULL,
  `title` varchar(255) NOT NULL,
  `slug` varchar(160) NOT NULL
) ENGINE=MyISAM DEFAULT CHARSET=cp1251;

--
-- Дамп данных таблицы `blog_gallery`
--

INSERT INTO `blog_gallery` (`id`, `created_at`, `updated_at`, `category_id`, `title`, `slug`) VALUES
(1, '2019-01-30 10:51:28.842761', '2019-02-06 18:03:24.878537', 1, 'Найкращі Моменти', 'naikrashchi-momenti'),
(2, '2019-01-30 11:01:03.607763', '2019-02-06 16:36:53.505434', 2, '2011', '2011'),
(3, '2019-01-31 20:11:13.051953', '2019-01-31 21:56:56.495093', 2, '2012', '2012'),
(4, '2019-01-31 22:30:00.954096', '2019-01-31 22:30:00.954152', 2, '2013', '2013'),
(5, '2019-02-01 08:55:22.710655', '2019-02-02 11:07:03.595684', 2, '2014', '2014'),
(6, '2019-02-01 09:16:21.901763', '2019-02-06 17:38:56.398660', 1, 'Практика', 'praktika'),
(7, '2019-02-01 09:29:44.026786', '2019-02-06 17:49:23.922801', 1, 'Студенти на парах', 'studenti-na-parakh'),
(8, '2019-02-01 09:39:42.118006', '2019-02-06 17:27:47.774431', 1, 'Відпочинок студентів', 'vidpochinok-studentiv'),
(9, '2019-02-01 10:38:31.670805', '2019-02-02 13:46:15.421096', 2, '2015', '2015'),
(10, '2019-02-02 12:55:01.436017', '2019-02-02 13:11:25.964212', 2, '2016', '2016'),
(11, '2019-02-02 13:36:13.879257', '2019-02-06 17:07:50.079012', 2, '2018', '2018');

-- --------------------------------------------------------

--
-- Структура таблицы `blog_gallerycategory`
--

CREATE TABLE `blog_gallerycategory` (
  `id` int(11) NOT NULL,
  `name` varchar(255) NOT NULL
) ENGINE=MyISAM DEFAULT CHARSET=cp1251;

--
-- Дамп данных таблицы `blog_gallerycategory`
--

INSERT INTO `blog_gallerycategory` (`id`, `name`) VALUES
(1, 'ЖИТТЯ КАФЕДРИ'),
(2, 'ДЕНЬ ГІС');

-- --------------------------------------------------------

--
-- Структура таблицы `blog_galleryimage`
--

CREATE TABLE `blog_galleryimage` (
  `id` int(11) NOT NULL,
  `image` varchar(100) NOT NULL,
  `gallery_id` int(11) NOT NULL,
  `title` varchar(255) NOT NULL,
  `description` longtext NOT NULL
) ENGINE=MyISAM DEFAULT CHARSET=cp1251;

--
-- Дамп данных таблицы `blog_galleryimage`
--

INSERT INTO `blog_galleryimage` (`id`, `image`, `gallery_id`, `title`, `description`) VALUES
(1, 'galleryphotos/2019/01/30/1.jpg', 1, '1001 ніч ХАІ', 'Святкове фото студентів к407'),
(2, 'galleryphotos/2019/01/30/2.jpg', 1, 'День ГІС 2016 ХАІ', 'Викладачі к407 і БПЛА LEICA Aibot X6'),
(3, 'galleryphotos/2019/01/30/3.jpg', 1, 'День ГІС 2015 ХАІ', 'Вручення грамоти малеькому ГІСівцю за перемогу в номінаціх \"Я просто прийшов поїсти чужий торт\"'),
(4, 'galleryphotos/2019/01/30/4.jpg', 1, 'День ГІС 2014 ХАІ', 'Презентація святкового торта однієї з академічних груп к407'),
(5, 'galleryphotos/2019/01/30/5.jpg', 1, 'ЛІТНЯ ПРАКТИКА', 'Студенти самостійно проводять геодезичну зйомку на місцевості'),
(6, 'galleryphotos/2019/01/30/6.jpg', 1, 'УЧБОВИЙ ПРОЦЕС', 'Студенти к407 виконують практичну роботу в комп`ютерному класі'),
(7, 'galleryphotos/2019/01/30/7.jpg', 1, 'УЧБОВИЙ ПРОЦЕС', 'Крета Д.Л. і група студентів вивчають принципи геодезичної зйомки'),
(8, 'galleryphotos/2019/01/30/8.jpg', 1, 'День ГІС 2012 ХАІ', 'Викладачі к 407'),
(9, 'galleryphotos/2019/01/30/9.jpg', 1, 'День ГІС 2016 ХАІ', 'Андрєєв С.М.'),
(10, 'galleryphotos/2019/01/30/10.jpg', 1, 'День ГІС 2014 ХАІ', 'Березіна С.И. і студенти к 407'),
(11, 'galleryphotos/2019/01/30/11.jpg', 1, 'День ГІС 2016 ХАІ', 'Святкове фото студентів к407'),
(12, 'galleryphotos/2019/01/30/12.jpg', 1, 'День ГІС 2016 ХАІ', 'Групове святкове фото'),
(13, 'galleryphotos/2019/01/30/1_JkFDCwX.jpg', 2, 'День ГИС 2011 ХАИ', 'Науковий доклад студентки к407 в рамках святкування Дня ГІС'),
(14, 'galleryphotos/2019/01/30/2_Iv0czMw.jpg', 2, 'День ГИС 2011 ХАИ', 'Науковий доклад студента к407 в рамках святкування Дня ГІС'),
(15, 'galleryphotos/2019/01/30/3_TdiA1mf.jpg', 2, 'День ГИС 2011 ХАИ', 'Науковий доклад студента к407 в рамках святкування Дня ГІС'),
(16, 'galleryphotos/2019/01/30/4_6rOnGfm.jpg', 2, 'День ГИС 2011 ХАИ', 'Науковий доклад студентки к407 в рамках святкування Дня ГІС'),
(17, 'galleryphotos/2019/01/30/9_BcOdTuo.jpg', 2, 'День ГИС 2011 ХАИ', 'Презентація ГІС-торта'),
(18, 'galleryphotos/2019/01/30/6_DnB8suJ.jpg', 2, 'День ГИС 2011 ХАИ', 'Науковий доклад студента к407 в рамках святкування Дня ГІС'),
(19, 'galleryphotos/2019/01/30/7_xStIpxz.jpg', 2, 'День ГИС 2011 ХАИ', 'Презентація ГІС-торта'),
(20, 'galleryphotos/2019/01/30/8_cQewAGV.jpg', 2, 'День ГИС 2011 ХАИ', 'Презентація ГІС-торта'),
(21, 'galleryphotos/2019/01/30/5_bUy4Zjv.jpg', 2, 'День ГИС 2011 ХАИ', 'Науковий доклад студента к407 в рамках святкування Дня ГІС'),
(22, 'galleryphotos/2019/01/30/10_W9Zn0OM.jpg', 2, 'День ГИС 2011 ХАИ', 'Презентація ГІС-торта'),
(23, 'galleryphotos/2019/01/30/11_Je7SPws.jpg', 2, 'День ГИС 2011 ХАИ', 'Сяткове фото студентів к407'),
(24, 'galleryphotos/2019/01/30/12_S4FE910.jpg', 2, 'День ГИС 2011 ХАИ', 'Загальне фото ГІС-тортів, яку брали участь у конкурсі'),
(25, 'galleryphotos/2019/01/30/13.jpg', 2, 'День ГИС 2011 ХАИ', 'Торт-конкурсант'),
(26, 'galleryphotos/2019/01/30/14.jpg', 2, 'День ГИС 2011 ХАИ', 'Торт-конкурсант'),
(27, 'galleryphotos/2019/01/30/15.jpg', 2, 'День ГИС 2011 ХАИ', 'Торт-конкурсант'),
(28, 'galleryphotos/2019/01/30/16.jpg', 2, 'День ГИС 2011 ХАИ', 'Торт-конкурсант'),
(29, 'galleryphotos/2019/01/30/17.jpg', 2, 'День ГИС 2011 ХАИ', 'Торт-конкурсант'),
(30, 'galleryphotos/2019/01/30/18.jpg', 2, 'День ГИС 2011 ХАИ', 'Торт-конкурсант'),
(31, 'galleryphotos/2019/01/30/19.jpg', 2, 'День ГИС 2011 ХАИ', 'Торт-конкурсант'),
(32, 'galleryphotos/2019/01/30/20.jpg', 2, 'День ГИС 2011 ХАИ', 'Торт-конкурсант'),
(45, 'galleryphotos/2019/01/31/5_7K0iBpA.JPG', 3, 'День ГІС 2012 ХАІ', 'Торт-конкурсант'),
(44, 'galleryphotos/2019/01/31/4_CtCz2l5.JPG', 3, 'День ГІС 2012 ХАІ', 'Торт-конкурсант'),
(43, 'galleryphotos/2019/01/31/3_3KN5awA.jpg', 3, 'День ГІС 2012 ХАІ', 'Торт-конкурсант'),
(42, 'galleryphotos/2019/01/31/2_F07axnm.jpg', 3, 'День ГІС 2012 ХАІ', 'Торт-конкурсант'),
(41, 'galleryphotos/2019/01/31/1_DFEjUBW.jpg', 3, 'День ГІС 2012 ХАІ', 'Торт-конкурсант'),
(46, 'galleryphotos/2019/01/31/6_iDmRIPB.JPG', 3, 'День ГІС 2012 ХАІ', 'Торт-конкурсант'),
(47, 'galleryphotos/2019/01/31/7.JPG', 3, 'День ГІС 2012 ХАІ', 'Студенти кафедри з самостійно спеченим тортом на геодезичну тематику'),
(48, 'galleryphotos/2019/01/31/8.JPG', 3, 'День ГІС 2012 ХАІ', 'Краса кафедри'),
(49, 'galleryphotos/2019/01/31/9.JPG', 3, 'День ГІС 2012 ХАІ', 'Тільки з такими емоціями перебувають гості на одному з найголовніших заходів кафедри ГІС-технологій'),
(50, 'galleryphotos/2019/01/31/10.JPG', 3, 'День ГІС 2012 ХАІ', 'Невід*ємна частина людей заходу \"День ГІС\"'),
(51, 'galleryphotos/2019/01/31/11.JPG', 3, 'День ГІС 2012 ХАІ', 'Виступ студентки з доповіддю про розвиток ГІС-технологій'),
(52, 'galleryphotos/2019/01/31/12.JPG', 3, 'День ГІС 2012 ХАІ', 'Аудиторія тих людей, яким не байдужий розвиток ГІС'),
(53, 'galleryphotos/2019/01/31/13.JPG', 3, 'День ГІС 2012 ХАІ', 'З Днем ГІС'),
(54, 'galleryphotos/2019/01/31/14.JPG', 3, 'День ГІС 2012 ХАІ', 'Один із слайдів презентації, яка була представлена перед глядачами'),
(55, 'galleryphotos/2019/01/31/15.JPG', 3, 'День ГІС 2012 ХАІ', 'Андрєєв Сергій Михайлович -двигун та фундамент кафедри на якому тримається  розвиток ГІС-технологій ХАІ.  Також являється незмінним ведучим головного заходу року \"День ГІС\".'),
(56, 'galleryphotos/2019/01/31/16.JPG', 3, 'День ГІС 2012 ХАІ', 'Виступ студентки з доповіддю про розвиток ГІС-технологій'),
(57, 'galleryphotos/2019/01/31/17.JPG', 3, 'День ГІС 2012 ХАІ', 'Виступ студентки з доповіддю про розвиток ГІС-технологій'),
(58, 'galleryphotos/2019/01/31/18.JPG', 3, 'День ГІС 2012 ХАІ', 'Колишній зав. кафедри Кросовський Г.Я. Людина завдяки якій кафедра досягла неймовірних висот у розвитку ГІС-технологій ХАІ, що існують на сьогоднішній день.'),
(59, 'galleryphotos/2019/01/31/19.JPG', 3, 'День ГІС 2012 ХАІ', 'Торт-конкурсант у вигляді Атласу Землі'),
(60, 'galleryphotos/2019/01/31/20.JPG', 3, 'День ГІС 2012 ХАІ', 'Презентація торта студентами'),
(61, 'galleryphotos/2019/01/31/21.JPG', 3, 'День ГІС 2012 ХАІ', 'Торт-конкурсант у вигляді Сонячної системи'),
(62, 'galleryphotos/2019/01/31/22.JPG', 3, 'День ГІС 2012 ХАІ', 'Студенти кафедри з самостійно спеченим тортом на геодезичну тематику'),
(63, 'galleryphotos/2019/01/31/23.JPG', 3, 'День ГІС 2012 ХАІ', 'Презентація торта студентами'),
(64, 'galleryphotos/2019/01/31/24.JPG', 3, 'День ГІС 2012 ХАІ', 'Презентація торта студентами'),
(65, 'galleryphotos/2019/01/31/25.JPG', 3, 'День ГІС 2012 ХАІ', 'Асорті тортів з тематикою ГІС-технологій'),
(66, 'galleryphotos/2019/01/31/26.JPG', 3, 'День ГІС 2012 ХАІ', 'Торт-конкурсант'),
(67, 'galleryphotos/2019/01/31/27.JPG', 3, 'День ГІС 2012 ХАІ', 'Дегустація тортів'),
(68, 'galleryphotos/2019/01/31/28.JPG', 3, 'День ГІС 2012 ХАІ', 'Бутенко О.С. Красовська І.Г. Андрєєв С.М.  Ковальова В.О.'),
(69, 'galleryphotos/2019/01/31/29.JPG', 3, 'День ГІС 2012 ХАІ', 'Майбутнє передових досягнень ГІС'),
(70, 'galleryphotos/2019/01/31/30.jpg', 3, 'День ГІС 2012 ХАІ', 'Перспектива нових відкриттів у сфері ГІС-технологій'),
(71, 'galleryphotos/2019/01/31/31.jpg', 3, 'День ГІС 2012 ХАІ', 'Гості заходу'),
(72, 'galleryphotos/2019/01/31/32.jpg', 3, 'День ГІС 2012 ХАІ', 'Процесс проведення оціночних робіт солодковмісних даних кафедральною комісією'),
(73, 'galleryphotos/2019/01/31/33.jpg', 3, 'День ГІС 2012 ХАІ', 'Фрагмент із фільму, знятий студентами на геодезичну тематику'),
(74, 'galleryphotos/2019/02/01/1.jpg', 4, 'День ГІС 2013 ХАІ', 'Презентація студентами торта на геодезичну тематику'),
(75, 'galleryphotos/2019/02/01/2.jpg', 4, 'День ГІС 2013 ХАІ', 'Презетація студентами торта на геодезичну тематику'),
(76, 'galleryphotos/2019/02/01/3.jpg', 4, 'День ГІС 2013 ХАІ', 'Презетація студентами торта двох груп, які утворюють міцну Базу Даних'),
(77, 'galleryphotos/2019/02/01/4.jpg', 4, 'День ГІС 2013 ХАІ', 'Презентація торта студентом'),
(78, 'galleryphotos/2019/02/01/5.jpg', 4, 'День ГІС 2013 ХАІ', 'Презентація торта студентом'),
(79, 'galleryphotos/2019/02/01/6.jpg', 4, 'День ГІС 2013 ХАІ', 'Торт-конкурсант у вигляді аеродрому безпілотних літальних апаратів'),
(80, 'galleryphotos/2019/02/01/7.jpg', 4, 'День ГІС 2013 ХАІ', 'Презентація торта у вигляді Земної кулі'),
(81, 'galleryphotos/2019/02/01/8.jpg', 4, 'День ГІС 2013 ХАІ', 'Так виглядає прояв любові до кафедри'),
(82, 'galleryphotos/2019/02/01/9.jpg', 4, 'День ГІС 2013 ХАІ', 'Моделі конкурсу найоригінальнішого торта'),
(83, 'galleryphotos/2019/02/01/10.jpg', 4, 'День ГІС 2013 ХАІ', 'Усі хто поступають на кафедру ГІС-технологій автоматично входять у склад міцної Бази Даних, яка згуртовує студентів і викладачів у єдину могутню систему ХАІ.'),
(84, 'galleryphotos/2019/02/01/11.jpg', 4, 'День ГІС 2013 ХАІ', 'Презентація торта у вигляді Земної кулі та Мега-ракети, яка несе в собі студентів та викладачів кафедри до передових технологій зі швидкістю світла'),
(85, 'galleryphotos/2019/02/01/12.jpg', 4, 'День ГІС 2013 ХАІ', 'Презентація торта у вигляді топографічної карти'),
(86, 'galleryphotos/2019/02/01/13.jpg', 4, 'День ГІС 2013 ХАІ', 'Презентація торта у вигляді відвекторизованої карти в ArcGIS'),
(87, 'galleryphotos/2019/02/01/14.jpg', 4, 'День ГІС 2013 ХАІ', 'Презентація торта у вигляді весняної території ХАІ, на якій студенти проходять практику зйомки місцевості'),
(88, 'galleryphotos/2019/02/01/15.jpg', 4, 'День ГІС 2013 ХАІ', 'Оригінальне масштабне привітання студентів з Днем ГІС'),
(89, 'galleryphotos/2019/02/01/0.JPG', 5, 'День ГІС 2014 ХАІ', 'Торт-конкурсант у вигляді Земної кулі'),
(90, 'galleryphotos/2019/02/01/1_as7KXkZ.jpg', 5, 'День ГІС 2014 ХАІ', 'Торт-конкурсант у вигляді геодезичного довідника без якого студенти, як без рук'),
(91, 'galleryphotos/2019/02/01/2_WkJCHMJ.jpg', 5, 'День ГІС 2014 ХАІ', 'Торт-конкурсант у вигляді літака з пілотом'),
(92, 'galleryphotos/2019/02/01/3_vk7bR7h.jpg', 5, 'День ГІС 2014 ХАІ', 'Навіть у геодезії присутні романтичні прояви в процесі роботи'),
(93, 'galleryphotos/2019/02/01/4_Z3lK2vk.jpg', 5, 'День ГІС 2014 ХАІ', 'Торт-конкурсант у вигляді карти Світу'),
(94, 'galleryphotos/2019/02/01/5_XraFAAv.jpg', 5, 'День ГІС 2014 ХАІ', 'Торт-конкурсант у вигляді нівелірної рейки'),
(95, 'galleryphotos/2019/02/01/6_HLwYY4U.jpg', 5, 'День ГІС 2014 ХАІ', 'Торт-конкурсант у вигляді літака'),
(96, 'galleryphotos/2019/02/01/7_roBjeIr.jpg', 5, 'День ГІС 2014 ХАІ', 'Торт-конкурсант у вигляді Галактики, епіцентром якої являється кафедра ГІС-технологій'),
(97, 'galleryphotos/2019/02/01/8_YBzxVTt.jpg', 5, 'День ГІС 2014 ХАІ', 'Торт-конкурсант у вигляді структури БД, яку вивчають на парі з Андрєєвим С.М.'),
(98, 'galleryphotos/2019/02/01/9_uLESiDe.jpg', 5, 'День ГІС 2014 ХАІ', 'Торт-конкурсант у вигляді Сонячної системи'),
(99, 'galleryphotos/2019/02/01/10_BiWGWjs.jpg', 5, 'День ГІС 2014 ХАІ', 'Презентація торта студентом'),
(100, 'galleryphotos/2019/02/01/11_C2rgFq0.jpg', 5, 'День ГІС 2014 ХАІ', 'Презентація торта студентом'),
(101, 'galleryphotos/2019/02/01/aSjR5PDQVDk.jpg', 6, 'Літня практика', 'Дружня компанія 1 курсу у перший день практики'),
(102, 'galleryphotos/2019/02/01/gsbGOuqLPH4.jpg', 6, 'Літня практика', 'Процес зйомки місцевості теодолітом'),
(103, 'galleryphotos/2019/02/01/WXfyExK_kM0.jpg', 6, 'Практика', 'Практичне заняття з використанням нівеліру'),
(104, 'galleryphotos/2019/02/01/UaSBfpIhxvg.jpg', 7, 'Геологія', 'Емоції перебування студентів на парі з геології у Горелика С.І.'),
(133, 'galleryphotos/2019/02/02/f1837882-1465-41f1-8f8d-039b8add084b.JPG', 5, 'День ГІС 2014 ХАІ', 'Сімейне фото студентів із викладачем інформатики Березіною С.І.'),
(223, 'galleryphotos/2019/02/02/307abb7d-065f-4a93-921e-ae47ebcc5e24.jpg', 6, 'Метрологія', 'Пара з метрології 3 курсу'),
(132, 'galleryphotos/2019/02/02/fd20eaa4-0fab-4f22-bcdd-80cc64fcbf31.JPG', 5, 'День ГІС 2014 ХАІ', 'Виступ студентки з доповіддю про новітні технології у сфері ГІС'),
(130, 'galleryphotos/2019/02/02/0b9a52a3-58c3-454c-b225-495e57073a21.JPG', 5, 'День ГІС 2014 ХАІ', 'Виступ студентки з доповіддю про новітні технології у сфері ГІС'),
(131, 'galleryphotos/2019/02/02/8fc01b87-451a-4de7-ac49-60e373edcc0a.JPG', 5, 'День ГІС 2014 ХАІ', 'Виступ студентки з доповіддю про новітні технології у сфері ГІС'),
(140, 'galleryphotos/2019/02/02/b7430809-43a3-44af-a21d-447a50f9d838.JPG', 9, 'День ГІС 2015 ХАІ', 'Гості заходу День ГІС'),
(141, 'galleryphotos/2019/02/02/8657bfc5-02c8-466f-b968-8e6f00c1babc.JPG', 9, 'День ГІС 2015 ХАІ', 'Гості заходу День ГІС'),
(113, 'galleryphotos/2019/02/01/oaYEyIntm3Y.jpg', 7, 'Геологія', 'Усе що бачимо усе фотографуємо'),
(114, 'galleryphotos/2019/02/01/sf3robX9hWs.jpg', 7, 'Англійська мова', 'Почуття, коли відпустили з пари'),
(225, 'galleryphotos/2019/02/06/db9fef9c-2df1-433c-a70b-f4a65a8cd68b.jpg', 1, 'День ФРКТ', 'День факультету 2018 зі студентами 3 курсу'),
(116, 'galleryphotos/2019/02/01/4DZXrJBjlcg.jpg', 7, 'Фізика', 'І як би важко не було, але дівчата теж спроможні вивчати фізику! Головне - не пропускати пари!'),
(117, 'galleryphotos/2019/02/01/8MfPKXEt6ok.jpg', 7, 'Фізика', 'Коли ранок дуже важкий, візьми з собою чашку міцного чаю або кави! Викладачі все зрозуміють, аби тільки ти прийшов на пари!'),
(142, 'galleryphotos/2019/02/02/3ff8faf6-ecc2-4fe0-a11b-39ad3d6f03eb.JPG', 9, 'День ГІС 2015 ХАІ', 'Привітання студента за високі досягення у розвитку проектів HERE від представника компанії'),
(119, 'galleryphotos/2019/02/01/m9EuFwZco7E.jpg', 7, 'Вища математика', 'Будуємо 3D модель триангуляційної сітки на парі з вищої математики'),
(120, 'galleryphotos/2019/02/01/PuoF6FiYPGE.jpg', 7, 'Музей геології', 'Коли прокачав скіл із геології за перший семестр першого курсу'),
(124, 'galleryphotos/2019/02/01/13_atgkRnB.JPG', 5, 'День ГІС 2014 ХАІ', 'Виступ студентки з доповіддю про новітні технології у сфері ГІС'),
(123, 'galleryphotos/2019/02/01/12_9pbBFBs.JPG', 5, 'День ГІС 2014 ХАІ', 'Гості заходу'),
(134, 'galleryphotos/2019/02/02/4b64a9b9-b4f1-493d-a2dc-e4aefd79b8de.jpg', 5, 'День ГІС 2014 ХАІ', 'Презентація торта у вигляді нівелірної рейки'),
(135, 'galleryphotos/2019/02/02/89b5c5ba-1144-418b-acfd-137f0f8eab13.jpg', 5, 'День ГІС 2014 ХАІ', 'У тортів теж бувають фотосети'),
(136, 'galleryphotos/2019/02/02/5f123a78-9f8c-410d-831b-9c9c336e335c.jpg', 5, 'День ГІС 2014 ХАІ', 'Сімейне фото однієї з груп'),
(137, 'galleryphotos/2019/02/02/1a7c5bad-05a1-4d2f-b919-08e676633cb9.jpg', 5, 'День ГІС 2014 ХАІ', 'Перший шамточок пішов...Найочікуваніша частина заходу-дегустація тортів'),
(138, 'galleryphotos/2019/02/02/15bc462b-93f4-4750-b9fb-7d8e0621d5e5.jpg', 5, 'День ГІС 2014 ХАІ', 'Березіна С.І. зі студентами кафедри'),
(139, 'galleryphotos/2019/02/02/3528f5bb-0470-4c0e-afcb-c56a2e44dfbf.jpg', 5, 'День ГІС 2014 ХАІ', 'Феєрична презентація торта у вигляді Галактики'),
(143, 'galleryphotos/2019/02/02/6dd06d0a-8be3-4c67-8e29-35780510b2cf.JPG', 9, 'День ГІС 2015 ХАІ', 'Презентація прапору групи студентом'),
(144, 'galleryphotos/2019/02/02/089fd3d8-da78-40d7-8140-f6ca1c832129.JPG', 9, 'День ГІС 2015 ХАІ', 'Привітання студентки за високі досягення у розвитку проектів HERE від представника компанії'),
(145, 'galleryphotos/2019/02/02/cb5bad50-8af0-43b5-a369-d40e6bd51610.JPG', 9, 'День ГІС 2015 ХАІ', 'Виступ студентки з доповіддю про перспективи розвитку ГІС-технологій'),
(146, 'galleryphotos/2019/02/02/9953c181-9f2e-4db9-9e43-ae8defe0de5b.JPG', 9, 'День ГІС 2015 ХАІ', 'Презентація торта студентами'),
(147, 'galleryphotos/2019/02/02/c28582aa-3994-43c2-a900-1d5abfe12cf9.JPG', 9, 'День ГІС 2015 ХАІ', 'Торт у вигляді Земної кулі очільником якої являється невід*ємна частина кафедри - Андрєєв С.М.'),
(148, 'galleryphotos/2019/02/02/0e779d0e-1c50-4884-bc51-8a04f05c7612.JPG', 9, 'День ГІС 2015 ХАІ', '3D-модель Андрєєва С.М.'),
(149, 'galleryphotos/2019/02/02/8640a7da-ddf9-408f-8087-5631480edc70.JPG', 9, 'День ГІС 2015 ХАІ', 'Коли щастю немає меж від неочікуваного подарунку'),
(150, 'galleryphotos/2019/02/02/9ee799ec-ba57-4886-9360-db6fd3dbe3cf.JPG', 9, 'День ГІС 2015 ХАІ', 'Андрєєв С.М. і Жилін В.А.'),
(151, 'galleryphotos/2019/02/02/beebb160-cbdd-4175-9b36-c6838517c430.JPG', 9, 'День ГІС 2015 ХАІ', 'Бутенко О.С. і Березіна С.І.'),
(152, 'galleryphotos/2019/02/02/ff0e5334-685f-42ab-8c10-9eaf45858d68.JPG', 9, 'День ГІС 2015 ХАІ', 'Лазарєва О.Є.'),
(153, 'galleryphotos/2019/02/02/8101cfcf-bfd9-48cd-a5d8-8851815c1cf8.JPG', 9, 'День ГІС 2015 ХАІ', 'Студентки 3 курсу'),
(154, 'galleryphotos/2019/02/02/eb750d8f-b9b6-4ae0-8c06-a14bb4ec496f.JPG', 9, 'День ГІС 2015 ХАІ', 'Торт-конкурсант у вигляді повітряної кулі на борту якого знаходиться геодезист у процесі зйомки місцевості з висоти'),
(155, 'galleryphotos/2019/02/02/0cf3aa39-7a08-4720-ba2d-da037d459477.JPG', 9, 'День ГІС 2015 ХАІ', 'Студентки 3 курсу'),
(156, 'galleryphotos/2019/02/02/31f9a3a1-bf50-4d03-918c-e6b095fc181c.JPG', 9, 'День ГІС 2015 ХАІ', 'Торт-конкурсант у вигляді процесу геодезичної зйомки'),
(157, 'galleryphotos/2019/02/02/4051df56-787d-4539-8fe0-6825dac7ffc3.JPG', 9, 'День ГІС 2015 ХАІ', 'Презентація торта студентами'),
(158, 'galleryphotos/2019/02/02/52c48270-902a-4ccc-a8ea-3e020ac3661e.JPG', 9, 'День ГІС 2015 ХАІ', 'Торт-кнкурсант у вигляді векторної карти'),
(159, 'galleryphotos/2019/02/02/236e2f32-4a4c-472e-bd41-be50d8db8fda.JPG', 9, 'День ГІС 2015 ХАІ', 'Торт-конкурсант'),
(160, 'galleryphotos/2019/02/02/50c156d3-85b1-43fe-ba78-e1752250bb68.JPG', 9, 'День ГІС 2015 ХАІ', 'Нагорода студентів у номінаціях тортів та самостійно змонтованих фільмів на геодезичну тематику'),
(161, 'galleryphotos/2019/02/02/266ebe5b-854b-47d8-8604-8847e60881b7.JPG', 9, 'День ГІС 2015 ХАІ', 'Нагорода студентів у номінаціях тортів та самостійно змонтованих фільмів на геодезичну тематику'),
(162, 'galleryphotos/2019/02/02/68e427fd-407c-4d4a-80f6-dce80c49c9c5.JPG', 9, 'День ГІС 2015 ХАІ', 'Маленькі гості також отримують приємні подаруночки'),
(163, 'galleryphotos/2019/02/02/d4b56e03-df9f-4546-946b-b33b101770d1.JPG', 9, 'День ГІС 2015 ХАІ', 'Групове фото гостей заходу'),
(164, 'galleryphotos/2019/02/02/8f26b3e1-87b1-4bcb-ba98-e0443cd7a7e9.JPG', 9, 'День ГІС 2015 ХАІ', 'Людей настільки багато, що один кадр важко вміщає всіх'),
(165, 'galleryphotos/2019/02/02/64e15444-d894-41a4-b2e0-baf81ab00125.JPG', 9, 'День ГІС 2015 ХАІ', 'Сімейне фото дружнього та найяскравішого 3 курсу'),
(166, 'galleryphotos/2019/02/02/b73a3244-d0b9-436d-abce-b6121fb3ecb6.JPG', 9, 'День ГІС 2015 ХАІ', 'Сімейне фото дружнього 3 курсу'),
(167, 'galleryphotos/2019/02/02/bda28ea0-d72d-42d2-9ef7-3c657ca76f15.jpg', 9, 'День ГІС 2015 ХАІ', 'Сімейне фото найдружньшого 1 курсу із самостійно спеченим тортом'),
(168, 'galleryphotos/2019/02/02/c5b480c2-5659-4d92-933f-403fac5fae68.jpg', 9, 'День ГІС 2015 ХАІ', 'Приготування торта може бути дуже мальвничою та веселою процедурою, якщо мати бажання та організованих одногрупників'),
(169, 'galleryphotos/2019/02/02/c1b242d3-2e1f-47a5-bbb1-2aafff9c18ea.jpg', 9, 'День ГІС 2015 ХАІ', 'Торт-конкурсант з представником від групи'),
(170, 'galleryphotos/2019/02/02/e686285d-01ad-4bf4-95bb-6d4aa10f827a.JPG', 10, 'День ГІС 2016 ХАІ', 'Торт-конкурсант у вигляді процесу зйомки місцевості геодезистом'),
(171, 'galleryphotos/2019/02/02/3d211e92-59c8-49d2-9101-e6e127dfa052.JPG', 10, 'День ГІС 2016 ХАІ', 'Торт-конкурсант у вигляді материнської плати'),
(172, 'galleryphotos/2019/02/02/fb8666f0-0f36-483d-a2c3-e9f677799eae.JPG', 10, 'День ГІС 2016 ХАІ', 'Торт-конкурсант GIS DAY'),
(173, 'galleryphotos/2019/02/02/c04ae2f2-7abd-4b55-b740-53fdc114f715.JPG', 10, 'День ГІС 2016 ХАІ', 'Торт-конкурсант'),
(174, 'galleryphotos/2019/02/02/bd4a9769-aac4-4262-8578-d94844b21e3d.JPG', 10, 'День ГІС 2016 ХАІ', 'Торт-конкурсант'),
(175, 'galleryphotos/2019/02/02/ea377421-a199-40b0-9ee8-5df49a0998f5.JPG', 10, 'День ГІС 2016 ХАІ', 'Торт-конкурсант у вигляді навігаційної точки координат'),
(176, 'galleryphotos/2019/02/02/fe28c504-73cc-43e8-b716-0d35da4ab703.JPG', 10, 'День ГІС 2016 ХАІ', 'Торт-конкурсант у вигляді  рейки нівеліру'),
(177, 'galleryphotos/2019/02/02/8f5a5d80-4e47-4a24-a460-32e0cb962b39.JPG', 10, 'День ГІС 2016 ХАІ', 'Торти-конкурсанти можуть бути не обов*язково солодкими. Головне- креативність та неповторність'),
(178, 'galleryphotos/2019/02/02/8ed6e5ff-cadb-4c0a-a947-2ce0a800aee9.JPG', 10, 'День ГІС 2016 ХАІ', 'Коли Андрєєв С.М. задоволений заходом на тверду 5'),
(179, 'galleryphotos/2019/02/02/45b6cf88-465c-4f92-a996-04721e56ae9f.JPG', 10, 'День ГІС 2016 ХАІ', 'Презентція нових досягнень партнерів компанії HERE'),
(180, 'galleryphotos/2019/02/02/a22856dd-b06e-474e-ba42-322144d901b6.JPG', 10, 'День ГІС 2016 ХАІ', 'Виступ  керівника Харківського Навігаційно-геодезичного центру Горба О.І.'),
(181, 'galleryphotos/2019/02/02/6ec6a42d-3290-4218-b41a-dc116a1a3d99.JPG', 10, 'День ГІС 2016 ХАІ', 'Привітання гостей заходу зі святом колишнім зав. кафедри Кросовським Г.Я.'),
(182, 'galleryphotos/2019/02/02/ee3f5a25-d419-414e-856f-f207a44d019d.JPG', 10, 'День ГІС 2016 ХАІ', 'Сімейне фото гостей заходу'),
(183, 'galleryphotos/2019/02/02/14422c7d-b724-40e1-b67b-b76587a0ebd0.JPG', 10, 'День ГІС 2016 ХАІ', 'Нагорода кафедри'),
(184, 'galleryphotos/2019/02/02/7b91b7f7-b299-4ddd-ac46-3be4c01dd2cc.JPG', 10, 'День ГІС 2016 ХАІ', 'Безпілотний літальний апарат- подарунок кафедри ГІС-технологій від  керівника Харківського Навігаційно-геодезичного центру Горба О.І.'),
(185, 'galleryphotos/2019/02/02/f430d894-0cec-468e-b14c-a3f210d9e7b4.JPG', 10, 'День ГІС 2016 ХАІ', 'Гості з 2 курсу геодезії'),
(186, 'galleryphotos/2019/02/02/eee64f15-bcca-4d9b-941a-36974c2715b5.JPG', 10, 'День ГІС 2016 ХАІ', 'Процес оцінювання тортів колишнім зав кафедри Кросовським Г.Я.'),
(187, 'galleryphotos/2019/02/02/e59cd1a3-33dc-4f91-964a-b160d916de49.JPG', 10, 'День ГІС 2016 ХАІ', 'Гості заходу'),
(188, 'galleryphotos/2019/02/02/66c5ca0d-172b-4086-af70-01f04bdcebc7.jpg', 11, 'День ГІС 2018 ХАІ', 'Майбутній студент кафедри ГІС-технологій'),
(189, 'galleryphotos/2019/02/02/5300d5dd-9882-43ff-beda-3b61445d582e.jpg', 11, 'День ГІС 2018 ХАІ', 'Майбутня студентка кафедри ГІС-технологій'),
(192, 'galleryphotos/2019/02/02/79240310-11cb-4907-bf34-1ecacd839e65.jpg', 11, 'День ГІС 2018 ХАІ', 'Невід*ємна частина 4 курсу на якому тримається позитивний настрій та розвиток кафедри'),
(191, 'galleryphotos/2019/02/02/ba0ea6ff-b21a-4b5e-a882-558a65bbb411.jpg', 11, 'День ГІС 2018 ХАІ', 'Гості заходу'),
(193, 'galleryphotos/2019/02/02/dbdea1b3-6e9b-4401-8085-99558f3b567d.jpg', 11, 'День ГІС 2018 ХАІ', 'Представники з ХУПС ім.Івана Кожедуба'),
(194, 'galleryphotos/2019/02/02/a48989e9-1303-4a5f-828e-e0ebd6a4ee30.jpg', 11, 'День ГІС 2018 ХАІ', 'Гості заходу'),
(218, 'galleryphotos/2019/02/02/4e1c94c3-e2fd-476d-8c27-a9c05ff5f95f.jpg', 11, 'День ГІС 2018 ХАІ', 'Нагорода активних учасників заходу'),
(195, 'galleryphotos/2019/02/02/b6e7278f-fe9c-4eee-ae8f-5dff7d443da1.jpg', 11, 'День ГІС 2018 ХАІ', 'Виступ одного з випускників кафедри з презентацією про свої досягнення у напрямку роботи у сфері геодезії'),
(196, 'galleryphotos/2019/02/02/aeff8f86-551b-4948-a96d-ea650a905b2a.jpg', 11, 'День ГІС 2018 ХАІ', 'Виступ одного з випускників кафедри з презентацією про свої досягнення у напрямку роботи у сфері геодезії та ГІС=технологій'),
(197, 'galleryphotos/2019/02/02/5952c275-f2be-41a1-82ec-7ae61a90650f.jpg', 11, 'День ГІС 2018 ХАІ', 'Виступ  керівника Харківського Навігаційно-геодезичного центру Горба О.І.'),
(198, 'galleryphotos/2019/02/02/dda412dd-4f24-49d0-a6bc-ba8e96b9fb1d.jpg', 11, 'День ГІС 2018 ХАІ', 'Торт-конкурсант у вигляді нівелірної зйомки місцевості та топографічної карти'),
(199, 'galleryphotos/2019/02/02/2f37e9df-5ca9-4638-b166-f984e87ea6b7.jpg', 11, 'День ГІС 2018 ХАІ', 'Торт-конкурсант у вигляді ельфа-геодезиста, який при будь-яких нев*язках зможе швидко зробити пару чарівних вимірів, які дадуть найточніші дані'),
(200, 'galleryphotos/2019/02/02/0228d0e4-f8bf-4cc9-b984-c72810145c03.jpg', 11, 'День ГІС 2018 ХАІ', 'Торт-конкурсант'),
(201, 'galleryphotos/2019/02/02/36d27ee9-d59a-48e8-9f7d-818efae6f2a8.jpg', 11, 'День ГІС 2018 ХАІ', 'Торт-конкурсант'),
(202, 'galleryphotos/2019/02/02/92898580-450c-48aa-89df-9fee013f6483.jpg', 11, 'День ГІС 2018 ХАІ', 'Торт-конкурсант'),
(203, 'galleryphotos/2019/02/02/a9792baf-e63d-498b-ba76-1c58f5226ecc.jpg', 11, 'День ГІС 2018 ХАІ', 'Торт-конкурсант у вигляді геодезиста, який може працювати як на землі, так і під земелю і навіть на її рівні'),
(204, 'galleryphotos/2019/02/02/2f35d112-7398-4db8-b0c2-4393896ada28.jpg', 11, 'День ГІС 2018 ХАІ', 'Торт-конкурсант'),
(205, 'galleryphotos/2019/02/02/5eb0dc17-f668-44fa-998f-1d04eb36c607.jpg', 11, 'День ГІС 2018 ХАІ', 'Торт-конкурсант'),
(206, 'galleryphotos/2019/02/02/383146d0-0efd-4604-b8c0-67bb4b508567.jpg', 11, 'День ГІС 2018 ХАІ', 'Учасники конкурси'),
(207, 'galleryphotos/2019/02/02/c631b21a-50fc-4ca2-8e2e-2f6241ed6e50.jpg', 11, 'День ГІС 2018 ХАІ', 'Привітання гостей за те, що прийшли'),
(208, 'galleryphotos/2019/02/02/5915fe19-4794-4665-9b7b-5a0037ee20ee.jpg', 11, 'День ГІС 2018 ХАІ', 'Привітання активних учасників заходу'),
(209, 'galleryphotos/2019/02/02/aa014d4a-6f4b-4a2a-aa40-2e0029936663.jpg', 11, 'День ГІС 2018 ХАІ', 'Підборка самостійно змонованих студентами фільмів на геодезичну тематику та навчання у ХАІ'),
(210, 'galleryphotos/2019/02/02/f9f1f1b1-4ad3-4cb4-afca-28ffa7e0551e.jpg', 11, 'День ГІС 2018 ХАІ', 'Гості заходу'),
(211, 'galleryphotos/2019/02/02/89de0d38-5af1-4ea2-a650-0754ab200c9e.jpg', 11, 'День ГІС 2018 ХАІ', 'Гості заходу'),
(212, 'galleryphotos/2019/02/02/40cfca0c-8b2a-4911-86a6-edc4b4e34fb4.jpg', 11, 'День ГІС 2018 ХАІ', 'Гості заходу, які у будь-яку мить готові стати епіцентром цікавої фотографії'),
(213, 'galleryphotos/2019/02/02/5f38969d-35aa-4927-8fc8-b00df6d79ec1.jpg', 11, 'День ГІС 2018 ХАІ', 'Креатив-наше все, якщо хочеш звернути на себе увагу!'),
(214, 'galleryphotos/2019/02/02/d5e57dfe-997f-4118-9333-1a6f93d7c04e.jpg', 11, 'День ГІС 2018 ХАІ', 'Дегустація тортів'),
(215, 'galleryphotos/2019/02/02/ee6d1967-3c18-4641-9c16-17e19763708e.jpg', 11, 'День ГІС 2018 ХАІ', 'Студенти 4 курсу'),
(216, 'galleryphotos/2019/02/02/0cb61c75-30fe-4fb9-a49b-0a2270d07c78.jpg', 11, 'День ГІС 2018 ХАІ', 'Дружня компанія студентів, яким не байдуже професійне свято'),
(217, 'galleryphotos/2019/02/02/39adc0ed-b3b5-4a75-bc47-a08d7a26fdb8.jpg', 11, 'День ГІС 2018 ХАІ', 'Дефрагментація тортів'),
(219, 'galleryphotos/2019/02/02/5deb7c1f-c6a7-4725-843a-da55d1034225.jpg', 11, 'День ГІС 2018 ХАІ', 'Нагорода активних учасників заходу'),
(220, 'galleryphotos/2019/02/02/dba8787b-f815-40ef-8538-0d6310d2e9a2.jpg', 11, 'День ГІС 2018 ХАІ', 'Нагорода активних учасників заходу'),
(221, 'galleryphotos/2019/02/02/fd209510-e1b8-4bfe-bd51-c3e8cf027498.jpg', 7, 'Пари', 'І скільки б років не було, а все одно вчимося та пишемо конспекти'),
(222, 'galleryphotos/2019/02/02/cefa9d8e-00df-4ea8-9e9f-5fba956c616d.jpg', 7, 'Пари', 'Так виглядає робота студента 5 днів на тиждень з 8 ранку до 13.30 або 15.25'),
(224, 'galleryphotos/2019/02/02/b35f8b56-c6e5-4a18-953c-15eeda19e465.jpg', 7, 'Метрологія', 'Пара з метрології 3 курсу Гореліком С.І.'),
(226, 'galleryphotos/2019/02/06/371589d9-eeb2-440a-9c28-ef203103396b.jpg', 1, '1001 ніч 2018', 'Студенти у святкових футболках з індивідуальним принтом'),
(227, 'galleryphotos/2019/02/06/668837b0-0b0f-4d38-b386-f10dca85e8f7.jpg', 8, '1001 ніч', '3 курс перед від`їздом у базу відпочинку \"Пролісок\" для святкування екватору навчання'),
(228, 'galleryphotos/2019/02/06/aaffd37b-0346-42ac-b782-57cdc11ed7e9.jpg', 8, '1001 ніч', '3 курс перед від`їздом у базу відпочинку \"Пролісок\" для святкування екватору навчання'),
(229, 'galleryphotos/2019/02/06/e0eeee74-cf1a-4b05-9101-71d4c1790ba2.jpg', 8, '1001 ніч', 'Хто сказав, що можна добре спілкуатись тільки у своїй групі? ХАІ - це величезна сім`я!'),
(230, 'galleryphotos/2019/02/06/d399e403-c1c3-4477-a3e5-b5bc19b400a5.jpg', 8, '1001 ніч', 'Багато дівчат не буває, особливо таких життєрадісних'),
(231, 'galleryphotos/2019/02/06/4dfe5f28-1687-4386-9a64-7ad3d09e5f12.jpg', 8, '1001 ніч', 'Багато дівчат не буває, особливо таких гарних'),
(232, 'galleryphotos/2019/02/06/8c568882-a996-46d8-b2d0-a4d017f24570.jpg', 8, '1001 ніч', 'Футболка на 1001 ніч - це індивідуальний символ самовиразності. Гріх не зробити її у такий день!'),
(233, 'galleryphotos/2019/02/06/776ff527-52e1-4963-89d6-a5b5d5d8a98b.jpg', 8, 'День Народження ФРКТ', 'Святкування Дня Народження факультету з компанією 3 курсу'),
(234, 'galleryphotos/2019/02/06/c1fc0fff-87f3-4011-a572-13f9c8fbff21.jpg', 8, '1001 ніч', '3 курс- золота пора навчання в університеті! Цінуйте цей час!'),
(235, 'galleryphotos/2019/02/06/a6983d01-9f6d-40cd-bcc6-f3e9f9e4d221.jpg', 8, '1001 ніч', 'Щастю немає меж, коли настав той день якого чекав 3 роки!'),
(236, 'galleryphotos/2019/02/06/7ae5e86d-fe4b-4ad3-b05d-15da95303d52.jpg', 8, '1001 ніч', 'Футболки з індивідуальним принтом спереду та на спині'),
(237, 'galleryphotos/2019/02/06/942ec565-0e79-451e-a295-79ce049f457a.jpg', 8, '1001 ніч', 'І хоч кафедра була нещодавно на іншому факультеті, друзів пам`ятають назавжди у якій би частині ХАІ вони не були!'),
(238, 'galleryphotos/2019/02/06/c6cd63bc-f176-4494-baaa-93a44f0e9ab9.jpg', 11, 'День ГІС 2018 ХАІ', 'Виступ студентки к407  з доповідд. про найсучасніши технології розвитку ГІС-технологій'),
(239, 'galleryphotos/2019/02/06/6fbc0c00-f763-4610-82eb-516dea063fb3.jpg', 6, 'Метрологія', 'Пара з метрології 3 курсу'),
(240, 'galleryphotos/2019/02/06/8d6f4613-8cc4-4248-a8cf-8c1a745f9993.jpg', 8, 'День ХАІ 2016', 'Святкування Дня ХАІ на стадіоні'),
(241, 'galleryphotos/2019/02/06/5f0efb85-a55b-4ae4-8d58-564614742993.jpg', 8, 'День ХАІ 2016', 'Студенти 1 курсу'),
(242, 'galleryphotos/2019/02/06/4de259fa-10dd-46b0-9bf1-c1e8650052d6.jpg', 8, 'День ХАІ 2016', 'Студенти 1 курсу'),
(243, 'galleryphotos/2019/02/06/d51f3f86-7268-4f56-8375-dc99bba16537.jpg', 7, 'Пара геодезистів', 'Студенти на парі з геодезії'),
(244, 'galleryphotos/2019/02/06/b3da0607-3a36-4bd4-8c4f-da48da1f1a56.jpg', 7, 'Пара геодезистів', 'Практикування використання нівеліру'),
(245, 'galleryphotos/2019/02/06/e2da365f-c19f-4689-b77d-027c22489a7d.jpg', 7, 'Пара геодезистів', 'Студентки геодезистки'),
(246, 'galleryphotos/2019/02/06/a9057415-7583-4a07-890f-b5a091a59f2d.jpg', 7, 'Пара геодезистів', 'Майбутнє кафедри'),
(247, 'galleryphotos/2019/02/06/4ff33b41-8cc6-49c1-ab2d-7626e0fb31e5.jpg', 7, 'Пара геодезистів', 'На парі завжди можна підняти настрій і це круто'),
(248, 'galleryphotos/2019/02/06/3868f252-b050-40b7-b54f-e4e8cb21c417.jpg', 7, 'Пара геодезистів', 'Практика студентів на парі'),
(249, 'galleryphotos/2019/02/06/39402257-2894-4690-a014-e9187a7bc46b.jpg', 7, 'Пара геодезистів', 'Практика студентів на парі'),
(250, 'galleryphotos/2019/02/06/713c3fe2-9670-41a0-ad3b-1e6056cc0b0f.jpg', 7, 'Пара геодезистів', 'Практика студентів на парі'),
(251, 'galleryphotos/2019/02/06/7f80f235-1d91-428c-b11d-96c512723609.jpg', 7, 'Пара геодезистів', 'Практика студентів на парі'),
(252, 'galleryphotos/2019/02/06/c462094a-c413-4daa-94be-6d105c94a27e.JPG', 6, 'Літня практика', 'Що може бути краще, ніж практика на склоні за гуртожитком з видом на Салтівку'),
(253, 'galleryphotos/2019/02/06/6e143138-1948-4db6-b960-d26683a92896.JPG', 6, 'Літня практика', 'Літо, склон за гуртожитком, вид на Салтівку - кайф'),
(254, 'galleryphotos/2019/02/06/2e87ff40-2022-424c-a151-2d129b7e19d9.JPG', 6, 'Літня практика', 'Літня практика 1 курсу'),
(255, 'galleryphotos/2019/02/06/93c92922-7ff9-4ff3-b6b1-93589301c5fc.JPG', 6, 'Літня практика', 'Літня практика 1 курсу'),
(256, 'galleryphotos/2019/02/06/cd2fed5a-a96f-4dce-9a0d-4570f1d51fa7.JPG', 6, 'Літня практика', 'Літня практика 1 курсу'),
(257, 'galleryphotos/2019/02/06/0d273326-f339-4825-9b9a-add5833b15f0.jpg', 7, 'Пара геодезистів', 'Практичне заняття студентів'),
(258, 'galleryphotos/2019/02/06/36f5b4d2-5cd7-4ed7-93dd-cfdd21690de7.JPG', 7, 'Пара геодезистів', 'Пара з програмування ГІС'),
(259, 'galleryphotos/2019/02/06/9d385fb5-30f4-4374-9525-a93e651b5d84.JPG', 7, 'Пара геодезистів', 'Інформаційний куточок кафедри'),
(260, 'galleryphotos/2019/02/06/695eea2e-f1e6-4140-a8ef-e8270eef494c.JPG', 7, 'Пара студентів к407', 'Пара студентів к 407'),
(261, 'galleryphotos/2019/02/06/3d01de54-be7e-4724-8176-25a1f8ede08e.jpg', 7, 'Пара студентів к407', 'Пара з програмування ГІС'),
(262, 'galleryphotos/2019/02/06/2dc6491d-8f12-4b7f-a2b1-74d9f63b2f97.jpg', 7, 'Пара студентів к407', 'Студенти к407 з викладачами Березіною С.І. та Андрєєвим С.М.'),
(263, 'galleryphotos/2019/02/06/908f614e-4614-4763-b66a-2d1e94dd9ef5.jpg', 7, 'Пара студентів к407', 'Побудова кліматичної карти на практичному занятті'),
(264, 'galleryphotos/2019/02/06/4c83e06d-c56f-4df1-9ff9-ee2cc0a742b4.jpg', 7, 'Пара студентів к407', 'Студенти к407 з викладачами Березіною С.І. та Андрєєвим С.М.'),
(265, 'galleryphotos/2019/02/06/ea6e8afa-86fb-410a-9194-144311ee80c8.jpg', 7, 'Пара студентів к407', 'Студенти к407'),
(266, 'galleryphotos/2019/02/06/27d50423-4647-47bd-a015-2ec09a7a8823.jpg', 7, 'Пара студентів к407', 'Студентки к407'),
(267, 'galleryphotos/2019/02/06/f3af7bc0-62b2-4f92-8901-281212f756e2.jpg', 7, 'Пара студентів к407', 'Студентки к407');

-- --------------------------------------------------------

--
-- Структура таблицы `blog_postfile`
--

CREATE TABLE `blog_postfile` (
  `id` int(11) NOT NULL,
  `posts_id` int(11) NOT NULL,
  `filename` varchar(100) DEFAULT NULL,
  `description` varchar(300) NOT NULL
) ENGINE=MyISAM DEFAULT CHARSET=cp1251;

--
-- Дамп данных таблицы `blog_postfile`
--

INSERT INTO `blog_postfile` (`id`, `posts_id`, `filename`, `description`) VALUES
(1, 25, 'blogphotos/2019/03/24/43ebc3a2-f645-4f36-8886-9c2a406723f0.doc', 'ЗАПРОШЕННЯ'),
(2, 25, 'blogphotos/2019/03/24/77def08d-b2f1-4fc4-8296-c2c8e9a8f789.rtf', 'ТЕКСТ ТЕЗ ДОПОВІДЕЙ (ПРИКЛАД)'),
(3, 25, 'blogphotos/2019/03/24/f2514302-b6af-4c62-a41a-72e363cab9d2.docx', 'ВНУТРІШНІ УМОВИ ПУБЛІКАЦІЇ');

-- --------------------------------------------------------

--
-- Структура таблицы `blog_postimage`
--

CREATE TABLE `blog_postimage` (
  `id` int(11) NOT NULL,
  `posts_id` int(11) NOT NULL,
  `image` varchar(100) NOT NULL,
  `description` varchar(300) NOT NULL
) ENGINE=MyISAM DEFAULT CHARSET=cp1251;

--
-- Дамп данных таблицы `blog_postimage`
--

INSERT INTO `blog_postimage` (`id`, `posts_id`, `image`, `description`) VALUES
(1, 1, 'blogphotos/2019/01/30/1_ofCwGmf.jpg', 'Ганна Топчий, HERE Summer Camp, місто Вроцлав, Польща'),
(2, 2, 'blogphotos/2019/01/30/2.jpg', 'Логотип «ЕКОГЕОФОРУМ-2017. Актуальні проблеми та інновації»'),
(3, 3, 'blogphotos/2019/01/30/3.png', 'Логотип ГІС-Форум 2017'),
(4, 4, 'blogphotos/2019/01/30/4.png', 'Логотип GrainTech Expo'),
(5, 5, 'blogphotos/2019/01/30/5.png', 'Головний корпус ХАІ'),
(6, 6, 'blogphotos/2019/01/30/6.jpg', 'ГІС Форум'),
(7, 7, 'blogphotos/2019/01/30/7.jpg', ''),
(8, 8, 'blogphotos/2019/01/30/8.jpg', ''),
(9, 9, 'blogphotos/2019/01/30/9.jpg', ''),
(10, 10, 'blogphotos/2019/01/30/10.jpg', ''),
(11, 11, 'blogphotos/2019/01/30/11.png', ''),
(12, 12, 'blogphotos/2019/01/30/12.jpg', ''),
(13, 13, 'blogphotos/2019/01/30/13.jpg', ''),
(14, 14, 'blogphotos/2019/01/30/14-1.jpg', 'Професор Бутенко О.С. і професор Красовський Г.Я.  на конференції в м. Жешув - Конференц. зала'),
(15, 14, 'blogphotos/2019/01/30/14-2.jpg', 'Професор Бутенко О.С. і професор Красовський Г.Я.  на конференції в м. Жешув - Виставка'),
(16, 14, 'blogphotos/2019/01/30/14-3.jpg', 'Професор Бутенко О.С. і професор Красовський Г.Я.  на конференції в м Жешув'),
(17, 15, 'blogphotos/2019/01/30/15-1.jpg', 'Будинки Ради Міністрів республіки Туркменістан'),
(18, 15, 'blogphotos/2019/01/30/15-2.jpg', 'Нарада з експертами в Міністерстві Екології  та земельних ресурсів'),
(19, 15, 'blogphotos/2019/01/30/15-3.jpg', 'Українська делегація в обласному управлінні  земельних ресурсів'),
(20, 16, 'blogphotos/2019/01/30/16-1.jpg', 'Виступ і слова подяки д.т.н., професора Красовського Г.Я.'),
(21, 16, 'blogphotos/2019/01/30/16-2.jpg', 'Вручення індивідуальних нагород студенту - призеру цього року представниками компанії Here'),
(22, 16, 'blogphotos/2019/01/30/16-3.jpg', 'Вручення почесної грамоти ВУЗу і кафедрі ГІС представниками компанії Here'),
(23, 16, 'blogphotos/2019/01/30/16-4.jpg', 'Доповідь представника Here WeGo в ХАІ'),
(24, 17, 'blogphotos/2019/01/30/17-1.jpg', 'Групове фото учасників конференції'),
(25, 17, 'blogphotos/2019/01/30/17-2.jpg', 'Вітальне слово проректора з наукової роботи ХАІ д.т.н. Павленко Віталія Миколайовича'),
(26, 17, 'blogphotos/2019/01/30/17-3.jpg', 'Презентація торта виготовленого однією з академічних груп'),
(27, 17, 'blogphotos/2019/01/30/17-4.jpg', 'Гості конференції слухають доповіді студентів'),
(28, 18, 'blogphotos/2019/01/30/18-1.jpg', 'Горб Олександр Іванович, Красовська Інеса Григорівна та Перекупський Юрій Петрович у виставковій залі конференції INTERGEO 2018'),
(29, 18, 'blogphotos/2019/01/30/18-2.jpg', 'Андрєєв Сергій Михайлович та Красовська Інеса Григорівна на конференції у Франкфурті-на-Майні'),
(30, 18, 'blogphotos/2019/01/30/18-3.jpg', 'Виставкова зала конференції'),
(31, 18, 'blogphotos/2019/01/30/18-4.png', 'Інформаційний лист конференції INTERGEO 2018'),
(36, 23, 'blogphotos/2019/02/11/2799ea8b-421a-4ca5-b5a3-de8132181a92.jpg', 'Горелик С.І. демонструє кваліфікаційні роботи студентів абітурієнтам та їх батькам'),
(37, 23, 'blogphotos/2019/02/11/72cff449-e2ee-49b2-9214-8ac764d77a36.jpg', 'Горелик С.І. демонструє кваліфікаційні роботи студентів абітурієнтам та їх батькам'),
(38, 24, 'blogphotos/2019/02/11/fb674737-e99c-44dd-859a-a6440cb49bc5.jpg', ''),
(39, 24, 'blogphotos/2019/02/11/274c762b-691f-48d6-9fa9-8bf9b16c9988.jpg', ''),
(40, 24, 'blogphotos/2019/02/11/5c82555c-4721-428f-8324-4af33904b010.jpg', ''),
(41, 24, 'blogphotos/2019/02/11/7d1f6ff6-8334-4244-b286-e067b8be30a3.jpg', ''),
(42, 25, 'blogphotos/2019/02/13/2c635a82-b163-4a64-a8a0-e82d6b24398a.png', ''),
(43, 25, 'blogphotos/2019/02/13/d9a3ac1e-9b4d-41ad-9bba-dddc641bb51e.jpg', ''),
(44, 25, 'blogphotos/2019/02/13/ac7b05dd-d724-4540-b18b-e971cec18480.jpg', '');

-- --------------------------------------------------------

--
-- Структура таблицы `blog_posts`
--

CREATE TABLE `blog_posts` (
  `id` int(11) NOT NULL,
  `title` varchar(400) NOT NULL,
  `abstract` longtext NOT NULL,
  `body` longtext NOT NULL,
  `date` date DEFAULT NULL,
  `category` varchar(19) NOT NULL,
  `newsfeed` varchar(100) NOT NULL,
  `slug` varchar(160) NOT NULL
) ENGINE=MyISAM DEFAULT CHARSET=cp1251;

--
-- Дамп данных таблицы `blog_posts`
--

INSERT INTO `blog_posts` (`id`, `title`, `abstract`, `body`, `date`, `category`, `newsfeed`, `slug`) VALUES
(1, 'HERE Summer Camp, Польща', 'HERE Summer Camp, Польща', '<p><span style=\"color: #777777; font-family: regular, sans-serif;\">Всім доброго часу доби! Мене звуть Ганна Топчий. Я студентка Національного аерокосмічного університету ім. Н.Є. Жуковського &laquo;ХАІ&raquo;. Минуло вже кілька тижнів з того моменту, як я повернулася з HERE Summer Camp, місто Вроцлав, Польща.</span></p>', '2016-10-24', 'СТАТТІ', 'blogphotos/2019/01/31/1-thumb.jpg', 'here-summer-camp-polshcha'),
(2, 'МІЖНАРОДНА НАУКОВО-ПРАКТИЧНА КОНФЕРЕНЦІЯ ЕКОГЕОФОРУМ-2017. АКТУАЛЬНІ ПРОБЛЕМИ ТА ІННОВАЦІЇ', 'Запрошуємо Вас до участі в Міжнародній науково-практичній конференції «ЕКОГЕОФОРУМ-2017. Актуальні проблеми та інновації»', '<div class=\"author-entry\" style=\"box-sizing: border-box; margin: 0px 0px 20px; padding: 0px; border: 0px; font-style: normal; font-variant-ligatures: normal; font-variant-caps: normal; font-variant-numeric: inherit; font-variant-east-asian: inherit; font-weight: 400; font-stretch: inherit; font-size: 11px; line-height: 15px; font-family: bold; vertical-align: baseline; text-size-adjust: none; color: #888888; letter-spacing: normal; orphans: 2; text-align: start; text-indent: 0px; text-transform: none; white-space: normal; widows: 2; word-spacing: 0px; -webkit-text-stroke-width: 0px; background-color: #ffffff; text-decoration-style: initial; text-decoration-color: initial;\">&nbsp;</div>\r\n<div class=\"description\" style=\"box-sizing: border-box; margin: 0px 0px 30px; padding: 0px; border: 0px; font-style: normal; font-variant-ligatures: normal; font-variant-caps: normal; font-variant-numeric: inherit; font-variant-east-asian: inherit; font-weight: 400; font-stretch: inherit; font-size: 14px; line-height: 24px; font-family: regular, sans-serif; vertical-align: baseline; text-size-adjust: none; color: #777777; letter-spacing: normal; orphans: 2; text-align: start; text-indent: 0px; text-transform: none; white-space: normal; widows: 2; word-spacing: 0px; -webkit-text-stroke-width: 0px; background-color: #ffffff; text-decoration-style: initial; text-decoration-color: initial;\">До 50-річчя Івано-Франківського національного технічного університету нафти і газу, м. Івано-Франківськ. Запрошуємо Вас до участі в Міжнародній науково-практичній конференції &laquo;ЕКОГЕОФОРУМ-2017. Актуальні проблеми та інновації&raquo;, яка відбудеться у місті Івано-Франківськ 22 &ndash; 25 березня 2017 р.</div>', '2017-03-22', 'ПОДІЇ', 'blogphotos/2019/01/31/2banner.jpg', 'mizhnarodna-naukovo-praktichna-konferentsiia-ekogeoforum-2017-aktualni-problemi-ta-innovatsiyi'),
(3, 'ГІС-ФОРУМ 2017', '', '<div class=\"author-entry\" style=\"box-sizing: border-box; margin: 0px 0px 20px; padding: 0px; border: 0px; font-style: normal; font-variant-ligatures: normal; font-variant-caps: normal; font-variant-numeric: inherit; font-variant-east-asian: inherit; font-weight: 400; font-stretch: inherit; font-size: 11px; line-height: 15px; font-family: bold; vertical-align: baseline; text-size-adjust: none; color: #888888; letter-spacing: normal; orphans: 2; text-align: start; text-indent: 0px; text-transform: none; white-space: normal; widows: 2; word-spacing: 0px; -webkit-text-stroke-width: 0px; background-color: #ffffff; text-decoration-style: initial; text-decoration-color: initial;\">&nbsp;</div>\r\n<div class=\"description\" style=\"box-sizing: border-box; margin: 0px 0px 30px; padding: 0px; border: 0px; font-style: normal; font-variant-ligatures: normal; font-variant-caps: normal; font-variant-numeric: inherit; font-variant-east-asian: inherit; font-weight: 400; font-stretch: inherit; font-size: 14px; line-height: 24px; font-family: regular, sans-serif; vertical-align: baseline; text-size-adjust: none; color: #777777; letter-spacing: normal; orphans: 2; text-align: start; text-indent: 0px; text-transform: none; white-space: normal; widows: 2; word-spacing: 0px; -webkit-text-stroke-width: 0px; background-color: #ffffff; text-decoration-style: initial; text-decoration-color: initial;\">ГІС-форум - це унікальна можливість спілкування між дистриб\'юторами ПЗ та геоданих, споживачами їх продукції, вченими, викладачами та майбутніми ГІС-спеціалістами. Учасники обговорять поточний стан і перспективи розвитку геоінформатики, оцінять стан ринку і вимоги до підготовки ГІС-фахівців</div>', '2017-02-22', 'ПОДІЇ', 'blogphotos/2019/01/31/3-banner.jpg', 'gis-forum-2017'),
(4, 'ВИСТАВКА GRAINTECH EXPO', 'Запрошуємо відвідати спільний стенд компанії ЕСОММ і порталу Agromage на виставці GrainTech Expo', '<div class=\"author-entry\" style=\"box-sizing: border-box; margin: 0px 0px 20px; padding: 0px; border: 0px; font-style: normal; font-variant-ligatures: normal; font-variant-caps: normal; font-variant-numeric: inherit; font-variant-east-asian: inherit; font-weight: 400; font-stretch: inherit; font-size: 11px; line-height: 15px; font-family: bold; vertical-align: baseline; text-size-adjust: none; color: #888888; letter-spacing: normal; orphans: 2; text-align: start; text-indent: 0px; text-transform: none; white-space: normal; widows: 2; word-spacing: 0px; -webkit-text-stroke-width: 0px; background-color: #ffffff; text-decoration-style: initial; text-decoration-color: initial;\">&nbsp;</div>\r\n<div class=\"description\" style=\"box-sizing: border-box; margin: 0px 0px 30px; padding: 0px; border: 0px; font-style: normal; font-variant-ligatures: normal; font-variant-caps: normal; font-variant-numeric: inherit; font-variant-east-asian: inherit; font-weight: 400; font-stretch: inherit; font-size: 14px; line-height: 24px; font-family: regular, sans-serif; vertical-align: baseline; text-size-adjust: none; color: #777777; letter-spacing: normal; orphans: 2; text-align: start; text-indent: 0px; text-transform: none; white-space: normal; widows: 2; word-spacing: 0px; -webkit-text-stroke-width: 0px; background-color: #ffffff; text-decoration-style: initial; text-decoration-color: initial;\">15-17 лютого запрошуємо відвідати спільний стенд компанії ЕСОММ і порталу Agromage на виставці GrainTech Expo за адресою: м Київ, вул. Салютна 2 б, (Київ Експо Плаза, павільйон №1). Незабаром буде анонсована найближча конференція користувачів Esri в Україні.</div>', '2017-02-15', 'ПОДІЇ', 'blogphotos/2019/01/31/4-banner.jpg', 'vistavka-graintech-expo'),
(5, 'ДЕНЬ ВІДКРИТИХ ДВЕРЕЙ', '\"День відкритих дверей\" відбудеться в нашому університеті 18 лютого та 4 березня 2017 року!', '<p>Шановний друже! Якщо ти бажаєш вступити до провідного аерокосмічного університету Європи, запрошуємо тебе на \"День відкритих дверей\", який відбудеться в нашому університеті 18 лютого та 4 березня 2017 року!. Ти зустрінешся з керівництвом університету, провідними фахівцями, студентами, оглянеш наукові лабораторії та навчальні класи, спортивні споруди.</p>', '2017-02-18', 'ПОДІЇ', 'blogphotos/2019/01/31/5-banner.jpg', 'den-vidkritikh-dverei'),
(6, 'ПІДТРИМАЄМО НАШИХ СТУДЕНТОК НА КОНКУРСІ РОБІТ ГІС-ФОРУМУ!', 'Наші студентки Склярова Марія і Романько Марина беруть участь в конкурсі робіт ГІС-форуму. Підтримаємо їх в онлайн-голосуванні!', '<div class=\"author-entry\" style=\"box-sizing: border-box; margin: 0px 0px 20px; padding: 0px; border: 0px; font-style: normal; font-variant-ligatures: normal; font-variant-caps: normal; font-variant-numeric: inherit; font-variant-east-asian: inherit; font-weight: 400; font-stretch: inherit; font-size: 11px; line-height: 15px; font-family: bold; vertical-align: baseline; text-size-adjust: none; color: #888888; letter-spacing: normal; orphans: 2; text-align: start; text-indent: 0px; text-transform: none; white-space: normal; widows: 2; word-spacing: 0px; -webkit-text-stroke-width: 0px; background-color: #ffffff; text-decoration-style: initial; text-decoration-color: initial;\">&nbsp;</div>\r\n<div class=\"description\" style=\"box-sizing: border-box; margin: 0px 0px 30px; padding: 0px; border: 0px; font-style: normal; font-variant-ligatures: normal; font-variant-caps: normal; font-variant-numeric: inherit; font-variant-east-asian: inherit; font-weight: 400; font-stretch: inherit; font-size: 14px; line-height: 24px; font-family: regular, sans-serif; vertical-align: baseline; text-size-adjust: none; color: #777777; letter-spacing: normal; orphans: 2; text-align: start; text-indent: 0px; text-transform: none; white-space: normal; widows: 2; word-spacing: 0px; -webkit-text-stroke-width: 0px; background-color: #ffffff; text-decoration-style: initial; text-decoration-color: initial;\">Наші студентки Склярова Марія і Романько Марина беруть участь в конкурсі робіт ГІС-форуму. Підтримаємо їх в онлайн-голосуванні!</div>', '2017-02-19', 'ПОДІЇ', 'blogphotos/2019/01/31/6-banner.jpg', 'pidtrimaiemo-nashikh-studentok-na-konkursi-robit-gis-forumu'),
(7, 'ГІС-ФОРУМ ВІДБУВСЯ!', '22-24 лютого 2017 в Харкові пройшов ГІС-форум - найбільший захід в області ДЗЗ та геоінформатики!', '<div class=\"author-entry\" style=\"box-sizing: border-box; margin: 0px 0px 20px; padding: 0px; border: 0px; font-style: normal; font-variant-ligatures: normal; font-variant-caps: normal; font-variant-numeric: inherit; font-variant-east-asian: inherit; font-weight: 400; font-stretch: inherit; font-size: 11px; line-height: 15px; font-family: bold; vertical-align: baseline; text-size-adjust: none; color: #888888; letter-spacing: normal; orphans: 2; text-align: start; text-indent: 0px; text-transform: none; white-space: normal; widows: 2; word-spacing: 0px; -webkit-text-stroke-width: 0px; background-color: #ffffff; text-decoration-style: initial; text-decoration-color: initial;\">&nbsp;</div>\r\n<div class=\"description\" style=\"box-sizing: border-box; margin: 0px 0px 30px; padding: 0px; border: 0px; font-style: normal; font-variant-ligatures: normal; font-variant-caps: normal; font-variant-numeric: inherit; font-variant-east-asian: inherit; font-weight: 400; font-stretch: inherit; font-size: 14px; line-height: 24px; font-family: regular, sans-serif; vertical-align: baseline; text-size-adjust: none; color: #777777; letter-spacing: normal; orphans: 2; text-align: start; text-indent: 0px; text-transform: none; white-space: normal; widows: 2; word-spacing: 0px; -webkit-text-stroke-width: 0px; background-color: #ffffff; text-decoration-style: initial; text-decoration-color: initial;\">Друзі, раді повідомити, що з 22-24 лютого 2017 в Харкові пройшов ГІС-форум - найбільший захід в області ДЗЗ та геоінформатики! ГІС-форум став традиційним майданчиком для обговорення швидко мінливого світу геоінформатики та підвищення професійного рівня ГІС-фахівців. Не зраджуючи традиції, наша кафедра прийняла повноцінну участь в заході. Від імені ХАІ були надані конкурсні студентські проекти, а також встановлені нові відносини з багатьма представниками ГІС-галузі в Україні!</div>', '2017-02-26', 'ПОДІЇ', 'blogphotos/2019/01/31/7-banner.jpg', 'gis-forum-vidbuvsia'),
(8, '28.03.17 В МАНЕЖІ ХАІ ПРОЙШОВ ФОРУМ НАУКИ І ВИРОБНИЦТВА.', 'В манежі ХАІ пройшов Форум науки і виробництва.', '<div class=\"author-entry\" style=\"box-sizing: border-box; margin: 0px 0px 20px; padding: 0px; border: 0px; font-style: normal; font-variant-ligatures: normal; font-variant-caps: normal; font-variant-numeric: inherit; font-variant-east-asian: inherit; font-weight: 400; font-stretch: inherit; font-size: 11px; line-height: 15px; font-family: bold; vertical-align: baseline; text-size-adjust: none; color: #888888; letter-spacing: normal; orphans: 2; text-align: start; text-indent: 0px; text-transform: none; white-space: normal; widows: 2; word-spacing: 0px; -webkit-text-stroke-width: 0px; background-color: #ffffff; text-decoration-style: initial; text-decoration-color: initial;\">&nbsp;</div>\r\n<div class=\"description\" style=\"box-sizing: border-box; margin: 0px 0px 30px; padding: 0px; border: 0px; font-style: normal; font-variant-ligatures: normal; font-variant-caps: normal; font-variant-numeric: inherit; font-variant-east-asian: inherit; font-weight: 400; font-stretch: inherit; font-size: 14px; line-height: 24px; font-family: regular, sans-serif; vertical-align: baseline; text-size-adjust: none; color: #777777; letter-spacing: normal; orphans: 2; text-align: start; text-indent: 0px; text-transform: none; white-space: normal; widows: 2; word-spacing: 0px; -webkit-text-stroke-width: 0px; background-color: #ffffff; text-decoration-style: initial; text-decoration-color: initial;\">На ньому були представлені передові досягнення кафедр Університету, а також стенди провідних компаній-партнерів, які забезпечують працевлаштування наших випускників! Дякую всім за активну участь і відвідування нашого невеликого стенду!</div>', '2017-03-31', 'ПОДІЇ', 'blogphotos/2019/01/31/8-banner.jpg', '280317-v-manezhi-khai-proishov-forum-nauki-i-virobnitstva'),
(9, 'VII Міжнарожна конференція GisTech.UA 2017', 'VII Міжнарожна конференція GisTech.UA 2017', '<div class=\"author-entry\" style=\"box-sizing: border-box; padding: 0px; border: 0px; font-style: normal; font-variant-ligatures: normal; font-variant-caps: normal; font-variant-numeric: inherit; font-variant-east-asian: inherit; font-weight: 400; font-stretch: inherit; font-size: 11px; line-height: 15px; font-family: bold; vertical-align: baseline; text-size-adjust: none; color: #888888; letter-spacing: normal; orphans: 2; text-align: start; text-indent: 0px; text-transform: none; white-space: normal; widows: 2; word-spacing: 0px; -webkit-text-stroke-width: 0px; background-color: #ffffff; text-decoration-style: initial; text-decoration-color: initial; margin: 0px 0px 0px !important 0px;\">&nbsp;</div>\r\n<div class=\"description\" style=\"box-sizing: border-box; margin: 0px 0px 30px; padding: 0px; border: 0px; font-style: normal; font-variant-ligatures: normal; font-variant-caps: normal; font-variant-numeric: inherit; font-variant-east-asian: inherit; font-weight: 400; font-stretch: inherit; font-size: 14px; line-height: 24px; font-family: regular, sans-serif; vertical-align: baseline; text-size-adjust: none; color: #777777; letter-spacing: normal; orphans: 2; text-align: start; text-indent: 0px; text-transform: none; white-space: normal; widows: 2; word-spacing: 0px; -webkit-text-stroke-width: 0px; background-color: #ffffff; text-decoration-style: initial; text-decoration-color: initial;\">Форум GISTECH.UA-2017 &mdash; це місце, де збираються досвідчені користувачі даних ДЗЗ, картографічних геопорталів, представники державних служб в сфері безпеки, містобудівної, земельної, космічної та військової галузей, представники землевпорядних, нафтогазових, картографічних та екологічних організацій, а також інші фахівці, які використовують у своїй професійній роботі геопросторову інформацію.</div>', '2017-05-18', 'ПОДІЇ', 'blogphotos/2019/01/31/9-banner.jpg', 'vii-mizhnarozhna-konferentsiia-gistechua-2017'),
(10, 'GeoInt Symposium 2017', 'GeoInt Symposium 2017', '<div class=\"author-entry\" style=\"box-sizing: border-box; margin: 0px 0px 20px; padding: 0px; border: 0px; font-style: normal; font-variant-ligatures: normal; font-variant-caps: normal; font-variant-numeric: inherit; font-variant-east-asian: inherit; font-weight: 400; font-stretch: inherit; font-size: 11px; line-height: 15px; font-family: bold; vertical-align: baseline; text-size-adjust: none; color: #888888; letter-spacing: normal; orphans: 2; text-align: start; text-indent: 0px; text-transform: none; white-space: normal; widows: 2; word-spacing: 0px; -webkit-text-stroke-width: 0px; background-color: #ffffff; text-decoration-style: initial; text-decoration-color: initial;\">&nbsp;</div>\r\n<div class=\"description\" style=\"box-sizing: border-box; margin: 0px 0px 30px; padding: 0px; border: 0px; font-style: normal; font-variant-ligatures: normal; font-variant-caps: normal; font-variant-numeric: inherit; font-variant-east-asian: inherit; font-weight: 400; font-stretch: inherit; font-size: 14px; line-height: 24px; font-family: regular, sans-serif; vertical-align: baseline; text-size-adjust: none; color: #777777; letter-spacing: normal; orphans: 2; text-align: start; text-indent: 0px; text-transform: none; white-space: normal; widows: 2; word-spacing: 0px; -webkit-text-stroke-width: 0px; background-color: #ffffff; text-decoration-style: initial; text-decoration-color: initial;\">Щорічний симпозіум GEOINT є найбільшою в США некомерційної і не лобіює освітньою організацією, створеною Фундацією геопросторової розвідки США (USGIF). Це зібрання підприємств, академічних кіл та уряду, яке включає в себе співтовариства оборони, розвідки і національної безпеки а також комерційних, федеральних, цивільних, державних та місцевих зацікавлених осіб в області геопросторової розвідки.</div>', '2017-06-04', 'ПОДІЇ', 'blogphotos/2019/01/31/10-banner.jpg', 'geoint-symposium-2017'),
(11, 'INTERNATIONAL SCIENTIFIC AND PRACTICAL CONFERENCE \"STABICONSYSTEMS-2017\" М. СУМИ', 'В цьому році конференція \"Economics for Ecology\" проходить в рамках першої міжнародної наукової та практичної конференції «STABICONsystems 2017».', '<div class=\"author-entry\" style=\"box-sizing: border-box; padding: 0px; border: 0px; font-style: normal; font-variant-ligatures: normal; font-variant-caps: normal; font-variant-numeric: inherit; font-variant-east-asian: inherit; font-weight: 400; font-stretch: inherit; font-size: 11px; line-height: 15px; font-family: bold; vertical-align: baseline; text-size-adjust: none; color: #888888; letter-spacing: normal; orphans: 2; text-align: start; text-indent: 0px; text-transform: none; white-space: normal; widows: 2; word-spacing: 0px; -webkit-text-stroke-width: 0px; background-color: #ffffff; text-decoration-style: initial; text-decoration-color: initial; margin: 0px 0px 0px !important 0px;\">&nbsp;</div>\r\n<div class=\"description\" style=\"box-sizing: border-box; margin: 0px 0px 30px; padding: 0px; border: 0px; font-style: normal; font-variant-ligatures: normal; font-variant-caps: normal; font-variant-numeric: inherit; font-variant-east-asian: inherit; font-weight: 400; font-stretch: inherit; font-size: 14px; line-height: 24px; font-family: regular, sans-serif; vertical-align: baseline; text-size-adjust: none; color: #777777; letter-spacing: normal; orphans: 2; text-align: start; text-indent: 0px; text-transform: none; white-space: normal; widows: 2; word-spacing: 0px; -webkit-text-stroke-width: 0px; background-color: #ffffff; text-decoration-style: initial; text-decoration-color: initial;\">В цьому році конференція \"Economics for Ecology\" проходить в рамках першої міжнародної наукової та практичної конференції &laquo;STABICONsystems 2017&raquo;.&nbsp;<a style=\"box-sizing: border-box; background-color: transparent; color: #337ab7; text-decoration: none; padding: 0px; border: 0px; font: inherit; vertical-align: baseline; text-size-adjust: none; cursor: pointer; outline: none; margin: 0px 0px 0px !important 0px;\" href=\"http://fem.sumdu.edu.ua/images/docs/conf/in/stabicon2017eng.pdf\">Програма.</a>&nbsp;Напрямки: економіка для екології (проходить англійською) Інновації та розвиток (проходить на всіх мовах).</div>', '2017-04-27', 'ПОДІЇ', 'blogphotos/2019/01/31/11-banner.jpg', 'international-scientific-and-practical-conference-stabiconsystems-2017-m-sumi'),
(12, 'БОНДАР ФЕДІР - ПЕРЕМОЖЕЦЬ КОНКУРСУ HERE \"ROADS. INTERUNIVERSITY 2017\"', 'Вітаємо Федіра Бондаря, студента 432 навчальної групи за зайняте 1 місце в конкурсі від компанії HERE \"Roads. Interuniversity 2017\"', '<div class=\"author-entry\" style=\"box-sizing: border-box; margin: 0px 0px 20px; padding: 0px; border: 0px; font-style: normal; font-variant-ligatures: normal; font-variant-caps: normal; font-variant-numeric: inherit; font-variant-east-asian: inherit; font-weight: 400; font-stretch: inherit; font-size: 11px; line-height: 15px; font-family: bold; vertical-align: baseline; text-size-adjust: none; color: #888888; letter-spacing: normal; orphans: 2; text-align: start; text-indent: 0px; text-transform: none; white-space: normal; widows: 2; word-spacing: 0px; -webkit-text-stroke-width: 0px; background-color: #ffffff; text-decoration-style: initial; text-decoration-color: initial;\">&nbsp;</div>\r\n<div class=\"description\" style=\"box-sizing: border-box; margin: 0px 0px 30px; padding: 0px; border: 0px; font-style: normal; font-variant-ligatures: normal; font-variant-caps: normal; font-variant-numeric: inherit; font-variant-east-asian: inherit; font-weight: 400; font-stretch: inherit; font-size: 14px; line-height: 24px; font-family: regular, sans-serif; vertical-align: baseline; text-size-adjust: none; color: #777777; letter-spacing: normal; orphans: 2; text-align: start; text-indent: 0px; text-transform: none; white-space: normal; widows: 2; word-spacing: 0px; -webkit-text-stroke-width: 0px; background-color: #ffffff; text-decoration-style: initial; text-decoration-color: initial;\">ВІТАЄМО Федіра Бондаря, студента 432 навчальної групи за зайняте 1 місце в конкурсі від компанії HERE \"Roads. Interuniversity 2017\". Викладачі та студенти кафедри 407 бажають творчий успіхів, підкорення нових вершин, подальшого розвитку та набуття цінного досвіду в сфері ГІС!</div>', '2017-05-12', 'ПОДІЇ', 'blogphotos/2019/01/31/12-banner.jpg', 'bondar-fedir-peremozhets-konkursu-here-roads-interuniversity-2017'),
(13, 'ВІДБУВСЯ ЗАХИСТ ДИПЛОМНИХ РОБІТ У МАГІСТРІВ І БАКАЛАВРІВ К407', 'Не так давно було проведено захист дипломних робіт МАГІСТРІВ і бакалаврів. Вітаємо наших талановитих і неймовірно здібних студентів.', '<div class=\"author-entry\" style=\"box-sizing: border-box; margin: 0px 0px 20px; padding: 0px; border: 0px; font-style: normal; font-variant-ligatures: normal; font-variant-caps: normal; font-variant-numeric: inherit; font-variant-east-asian: inherit; font-weight: 400; font-stretch: inherit; font-size: 11px; line-height: 15px; font-family: bold; vertical-align: baseline; text-size-adjust: none; color: #888888; letter-spacing: normal; orphans: 2; text-align: start; text-indent: 0px; text-transform: none; white-space: normal; widows: 2; word-spacing: 0px; -webkit-text-stroke-width: 0px; background-color: #ffffff; text-decoration-style: initial; text-decoration-color: initial;\">&nbsp;</div>\r\n<div class=\"description\" style=\"box-sizing: border-box; margin: 0px 0px 30px; padding: 0px; border: 0px; font-style: normal; font-variant-ligatures: normal; font-variant-caps: normal; font-variant-numeric: inherit; font-variant-east-asian: inherit; font-weight: 400; font-stretch: inherit; font-size: 14px; line-height: 24px; font-family: regular, sans-serif; vertical-align: baseline; text-size-adjust: none; color: #777777; letter-spacing: normal; orphans: 2; text-align: start; text-indent: 0px; text-transform: none; white-space: normal; widows: 2; word-spacing: 0px; -webkit-text-stroke-width: 0px; background-color: #ffffff; text-decoration-style: initial; text-decoration-color: initial;\">ВІТАЄМО наших талановитих і неймовірно здібних студентів. Не так давно було проведено захист дипломних робіт МАГІСТРІВ і бакалаврів. Членами комісії і гостями, присутніми на захистах, був відзначений високий рівень базової підготовки здобувачів, висока наукоємність і актуальність досліджень! 80% представлених робіт отримали оцінку відмінно.</div>', '2017-06-20', 'ПОДІЇ', 'blogphotos/2019/01/31/13-banner.jpg', 'vidbuvsia-zakhist-diplomnikh-robit-u-magistriv-i-bakalavriv-k407'),
(14, 'МІЖНАРОДНИЙ АЕРОКОСМІЧНИЙ ФОРУМ «AEROSPASE & DEFENSE MEETINGS. CENTRAL EUROPE RZESZOW », ПРИСВЯЧЕНИЙ АЕРОКОСМІЧНОЇ БЕЗПЕКИ', 'З 9.05 по 11.05 на території Польщі в м. Жешув проходить Міжнародний аерокосмічний форум «Aerospase & Defense Meetings. Central Europe Rzeszow»', '<div class=\"author-entry\" style=\"box-sizing: border-box; margin: 0px 0px 20px; padding: 0px; border: 0px; font-style: normal; font-variant-ligatures: normal; font-variant-caps: normal; font-variant-numeric: inherit; font-variant-east-asian: inherit; font-weight: 400; font-stretch: inherit; font-size: 11px; line-height: 15px; font-family: bold; vertical-align: baseline; text-size-adjust: none; color: #888888; letter-spacing: normal; orphans: 2; text-align: start; text-indent: 0px; text-transform: none; white-space: normal; widows: 2; word-spacing: 0px; -webkit-text-stroke-width: 0px; background-color: #ffffff; text-decoration-style: initial; text-decoration-color: initial;\">&nbsp;</div>\r\n<div class=\"description\" style=\"box-sizing: border-box; margin: 0px 0px 30px; padding: 0px; border: 0px; font-style: normal; font-variant-ligatures: normal; font-variant-caps: normal; font-variant-numeric: inherit; font-variant-east-asian: inherit; font-weight: 400; font-stretch: inherit; font-size: 14px; line-height: 24px; font-family: regular, sans-serif; vertical-align: baseline; text-size-adjust: none; color: #777777; letter-spacing: normal; orphans: 2; text-align: start; text-indent: 0px; text-transform: none; white-space: normal; widows: 2; word-spacing: 0px; -webkit-text-stroke-width: 0px; background-color: #ffffff; text-decoration-style: initial; text-decoration-color: initial;\">З 9.05.2017 по 11.05.2017 на території Польщі в м. Жешув проходить Міжнародний аерокосмічний форум &laquo;Aerospase &amp; Defense Meetings. Central Europe Rzeszow&raquo;, присвячений аерокосмічній безпеці. На форумі були присутні представники 160 фірм з 30 країн світу, такі як &laquo;Боїнг&raquo;, &laquo;Аеробус&raquo;, &laquo;Сіменс&raquo; і.т.д. Форум проходив в досить цікавому форматі. За місяць до форуму всі його учасники були ознайомлені з діяльністю всіх компаній - учасників. Залежно від області інтересів були призначені персональні зустрічі. Додатково під час форуму була проведена бліц-конференція на якій було заслухано доповіді найбільш популярних компаній. Паралельно проводилася виставка зразків, програмних продуктів, моделей і макетів, пов\'язаних з аерокосмічною діяльністю. Єдиною перешкодою на шляху повного сприйняття інформації було те, що в якості мов спілкування використовувалися тільки англійська та російська.</div>', '2017-05-09', 'МІЖНАРОДНІ ЗВ\'ЯЗКИ', 'blogphotos/2019/01/31/14-banner.jpg', 'mizhnarodnii-aerokosmichnii-forum-aerospase-defense-meetings-central-europe-rzeszow-prisviachenii-aerokosmichnoyi-bezpeki'),
(15, 'В РАМКАХ ПРОГРАМИ МІЖНАРОДНОГО СПІВРОБІТНИЦТВА ВІДБУВСЯ РОБОЧИЙ ВІЗИТ ДЕЛЕГАЦІЇ ХАІ В ТУРКМЕНІСТАН', 'В рамках програми міжнародного співробітництва відбувся робочий візит делегації ХАІ в Туркменістан', '<div class=\"author-entry\" style=\"box-sizing: border-box; margin: 0px 0px 20px; padding: 0px; border: 0px; font-style: normal; font-variant-ligatures: normal; font-variant-caps: normal; font-variant-numeric: inherit; font-variant-east-asian: inherit; font-weight: 400; font-stretch: inherit; font-size: 11px; line-height: 15px; font-family: bold; vertical-align: baseline; text-size-adjust: none; color: #888888; letter-spacing: normal; orphans: 2; text-align: start; text-indent: 0px; text-transform: none; white-space: normal; widows: 2; word-spacing: 0px; -webkit-text-stroke-width: 0px; background-color: #ffffff; text-decoration-style: initial; text-decoration-color: initial;\">&nbsp;</div>\r\n<div class=\"description\" style=\"box-sizing: border-box; margin: 0px 0px 30px; padding: 0px; border: 0px; font-style: normal; font-variant-ligatures: normal; font-variant-caps: normal; font-variant-numeric: inherit; font-variant-east-asian: inherit; font-weight: 400; font-stretch: inherit; font-size: 14px; line-height: 24px; font-family: regular, sans-serif; vertical-align: baseline; text-size-adjust: none; color: #777777; letter-spacing: normal; orphans: 2; text-align: start; text-indent: 0px; text-transform: none; white-space: normal; widows: 2; word-spacing: 0px; -webkit-text-stroke-width: 0px; background-color: #ffffff; text-decoration-style: initial; text-decoration-color: initial;\">Державний комітет Туркменістану з охорони навколишнього середовища та земельних ресурсів, в особі Голови Б.Оразмирадова, в плані вдосконалення системи Земельного кадастру Республіки Туркменістан запросив компетентних співробітників Національного аерокосмічного університету ім. Жуковського М.Є. &laquo;ХАІ&raquo; для обговорення можливих проектів зі співробітництва в цьому напрямку. Делегація ХАІ включала відомих фахівців в області інформаційної підтримки управління землекористуванням і космічного моніторингу навколишнього середовища, співробітників кафедри &laquo;Геоінформаційних технологій і космічного моніторингу Землі: доц. Андрєєв С.М., проф. Бутенко О.С., проф. Красовський Г.Я, доц. Красовська І.Г. Візит делегації до Республіки Туркменістан відбувся в період 16-18 серпня 2017 р робочих зустрічах і консультаціях з Туркменської сторони брали відповідальні працівники Кабінету Міністрів, радник Президента Туркменістану, співробітники Державного комітету з охорони навколишнього середовища та земельних ресурсів, проектних інститутів з проблем землеустрою та земельного кадастру, Академії наук. В ході конструктивних обговорень були намічені перспективні напрямки подальшої співпраці.</div>', '2017-08-16', 'МІЖНАРОДНІ ЗВ\'ЯЗКИ', 'blogphotos/2019/01/31/15-banner.jpg', 'v-ramkakh-programi-mizhnarodnogo-spivrobitnitstva-vidbuvsia-robochii-vizit-delegatsiyi-khai-v-turkmenistan'),
(16, 'ВІДБУЛАСЯ КОНФЕРЕНЦІЯ ПРИСВЯЧЕНА СПІВПРАЦІ ХАІ ТА МІЖНАРОДНОЇ КОМПАНІЇ HERE WEGO (HERE MAPS)', 'У четвер кафедра прийняла в Харкові гостей з Києва, які представляли компанію з розробки картографічної онлайн продукції Here WeGo (Here Maps)', '<div class=\"author-entry\" style=\"box-sizing: border-box; margin: 0px 0px 20px; padding: 0px; border: 0px; font-style: normal; font-variant-ligatures: normal; font-variant-caps: normal; font-variant-numeric: inherit; font-variant-east-asian: inherit; font-weight: 400; font-stretch: inherit; font-size: 11px; line-height: 15px; font-family: bold; vertical-align: baseline; text-size-adjust: none; color: #888888; letter-spacing: normal; orphans: 2; text-align: start; text-indent: 0px; text-transform: none; white-space: normal; widows: 2; word-spacing: 0px; -webkit-text-stroke-width: 0px; background-color: #ffffff; text-decoration-style: initial; text-decoration-color: initial;\">&nbsp;</div>\r\n<div class=\"description\" style=\"box-sizing: border-box; margin: 0px 0px 30px; padding: 0px; border: 0px; font-style: normal; font-variant-ligatures: normal; font-variant-caps: normal; font-variant-numeric: inherit; font-variant-east-asian: inherit; font-weight: 400; font-stretch: inherit; font-size: 14px; line-height: 24px; font-family: regular, sans-serif; vertical-align: baseline; text-size-adjust: none; color: #777777; letter-spacing: normal; orphans: 2; text-align: start; text-indent: 0px; text-transform: none; white-space: normal; widows: 2; word-spacing: 0px; -webkit-text-stroke-width: 0px; background-color: #ffffff; text-decoration-style: initial; text-decoration-color: initial;\">У четвер кафедра геоінформаційних технологій та космічного моніторингу Землі прийняла в Харкові гостей з Києва, які представляли міжнародну компанію з розробки картографічної онлайн продукції Here WeGo (Here Maps), де були розкриті всі основні аспекти спільної співпраці, підведені підсумки роботи за три роки і змальовані мети на наступний рік. Here maps - це картографічний сервіс, який належить консорціуму, в який входять компанії AUDI AG, BMW Group і Daimler AG. Він використовується в численних пакетах програмного забезпечення, включаючи системи навігації (з найважливіших: Garmin, BMW, Nissan). Here WeGo доступний для веб-браузерів і телефонів на різних платформах. Карти включають такі функції, як пошук по карті, супутникові карти, побудова маршрутів, 3D-карти, відображення пробок в реальному часі. Here maps присутні в 196 країнах, пропонуючи навігацію голосовими підказками в 96 країнах. Також надає інформацію щодо заторів в 41 країнах і має внутрішні карти приблизно 75 600 будинків в 72 країнах. Студенти нашої кафедри вже на протязі трьох років є учасниками щорічного міжнародного конкурсу картографів \"Here Roads interuniversity\" і займають призові місця, а ХАІ, в свою чергу, представлений нашою кафедрою, три роки поспіль входить в число кращих вузів країни, що випускають картографів, згідно з міжнародним рейтингом картографів. Цей рік не став винятком і наш ВНЗ так само був відзначений почесною грамотою від HERE. На нагородження був присутній проректор з наукової роботи д.т.н., професор Гайдачук Олександр Віталійович і декан факультету ракетно-космічної техніки д.т.н., професор Фірсов Сергій Миколайович. В кінці конференції всі бажаючі прийняти участь в майбутніх проектах студенти отримали можливість подати заявки на участь.</div>', '2017-09-21', 'МІЖНАРОДНІ ЗВ\'ЯЗКИ', 'blogphotos/2019/01/31/16-banner.jpg', 'vidbulasia-konferentsiia-prisviachena-spivpratsi-khai-ta-mizhnarodnoyi-kompaniyi-here-wego-here-maps'),
(17, 'В РАМКАХ СВЯТКУВАННЯ МІЖНАРОДНОГО ДНЯ ГЕОІНФОРМАЦІЙНИХ СИСТЕМ GIS DAY 2017 ВІДБУЛАСЯ СТУДЕНТСЬКА КОНФЕРЕНЦІЯ', 'В рамках святкування мыжнародного дня геоінформаційних систем GIS DAY 2017 відбулася студентська конференція', '<div class=\"author-entry\" style=\"box-sizing: border-box; margin: 0px 0px 20px; padding: 0px; border: 0px; font-style: normal; font-variant-ligatures: normal; font-variant-caps: normal; font-variant-numeric: inherit; font-variant-east-asian: inherit; font-weight: 400; font-stretch: inherit; font-size: 11px; line-height: 15px; font-family: bold; vertical-align: baseline; text-size-adjust: none; color: #888888; letter-spacing: normal; orphans: 2; text-align: start; text-indent: 0px; text-transform: none; white-space: normal; widows: 2; word-spacing: 0px; -webkit-text-stroke-width: 0px; background-color: #ffffff; text-decoration-style: initial; text-decoration-color: initial;\">&nbsp;</div>\r\n<div class=\"description\" style=\"box-sizing: border-box; margin: 0px 0px 30px; padding: 0px; border: 0px; font-style: normal; font-variant-ligatures: normal; font-variant-caps: normal; font-variant-numeric: inherit; font-variant-east-asian: inherit; font-weight: 400; font-stretch: inherit; font-size: 14px; line-height: 24px; font-family: regular, sans-serif; vertical-align: baseline; text-size-adjust: none; color: #777777; letter-spacing: normal; orphans: 2; text-align: start; text-indent: 0px; text-transform: none; white-space: normal; widows: 2; word-spacing: 0px; -webkit-text-stroke-width: 0px; background-color: #ffffff; text-decoration-style: initial; text-decoration-color: initial;\">У цей день кафедра геоінформаційних технологій та космічного моніторингу Землі провела в ХАІ святковий вечір, гостями якого виступили представники різних вузів і організацій, діяльність яких так чи інакше перегукується з геоінформаційними системами. Важливо відзначити, що ця конференція була ювілейною для нашої кафедри і проводилася вже в десятий раз. В якості гостей були запрошені представники нашої професії серед випускників кафедри ГІС, керівництво ХАІ в особі проректора з наукової роботи ХАІ д.т.н. Павленко Віталія Миколайовича, директор фірми \"Навігаційно-Геодезичний Центр\" м. Харків і вірний друг кафедри - Горб Олександр Іванович. Кожен з гостей привітав кафедру і поділився своїми напрацюваннями в сфері ГІС. Студенти нашого та інших вузів Харкова виступили з доповідями про свої наукові досягнення, розкриваючи сучасні тенденції геоінформаційної діяльності. Святкова частина конференції складалася з двох цікавих конкурсів для студентів: 1. Відеоролики про життя студентів ГІС, що розкривають усі тяготи і позбавлення нелегкого навчального процесу з веселого та позитивного боку; 2. Конкурс тортів на тему Геоінформаційних Систем. В якості журі виступали представники кафедри, а в якості нагород переможцям вручалися пам\'ятні грамоти.</div>', '2017-11-15', 'ПОДІЇ', 'blogphotos/2019/01/31/17-banner.jpg', 'v-ramkakh-sviatkuvannia-mizhnarodnogo-dnia-geoinformatsiinikh-sistem-gis-day-2017-vidbulasia-studentska-konferentsiia'),
(18, 'INTERGEO 2018 - 24-ТА ПРОВІДНА МІЖНАРОДНА КОНФЕРЕНЦІЯ ТА ТОРГІВЕЛЬНА ВИСТАВКА ГЕОДЕЗІЇ, ГЕОІНФОРМАЦІЇ ТА ТЕХНОЛОГІЙ УПРАВЛІННЯ ЗЕМЕЛЬНИМИ РЕСУРСАМИ', 'З 15 по 19 жовтня в Франкфурті-на-Майні, група викладачів від кафедри, в складі якої були доцент Адрєєв Сергій Михайлович і доцент Красовська Інеса Григорівна відвідали конференцію INTERGEO 2018', '<p><span style=\"color: #777777; font-family: regular, sans-serif;\">INTERGEO 2018 - провідна міжнародна виставка геодезії, ГІС та землеустрою - зібрала 531 експоненти з 37 країн, понад 18000 відвідувачів з понад 100 країн і 1300 делегатів міжнародної конференції. У центрі уваги були оцифровка та інновації, які вона привносить з точки зору BIM, віртуальної і доповненої реальності, безпілотних літальних апаратів і розумних міст.&nbsp;</span><br style=\"box-sizing: border-box; text-size-adjust: none; color: #777777; font-family: regular, sans-serif;\" /><span style=\"color: #777777; font-family: regular, sans-serif;\">З 15 по 19 жовтня в Франкфурті-на-Майні, група викладачів від кафедри геоінформаційних технологій та космічного моніторингу Землі, в складі якої були доцент Адрєєв Сергій Михайлович і доцент Красовська Інеса Григорівна відвідали конференцію INTERGEO 2018 з метою простежити за останніми трендами в розвитку ГІС технологій, новітнього геодезичного обладнання; оцінити сучасні способи дистанційного зондування Землі доступні на ринку і розширити горизонти співпраці з іноземними представниками провідних компаній в сфері ГІС&nbsp;</span><br style=\"box-sizing: border-box; text-size-adjust: none; color: #777777; font-family: regular, sans-serif;\" /><span style=\"color: #777777; font-family: regular, sans-serif;\">Профілі виставки INTERGEO:&nbsp;</span><br style=\"box-sizing: border-box; text-size-adjust: none; color: #777777; font-family: regular, sans-serif;\" /><span style=\"color: #777777; font-family: regular, sans-serif;\">-Геодезія: прилади, обладнання, аксесуари та програмне забезпечення;&nbsp;</span><br style=\"box-sizing: border-box; text-size-adjust: none; color: #777777; font-family: regular, sans-serif;\" /><span style=\"color: #777777; font-family: regular, sans-serif;\">-Фотограмметрія: обладнання для аерозйомки, фотограмметричні сканери, цифрові фотограмметричні станції;&nbsp;</span><br style=\"box-sizing: border-box; text-size-adjust: none; color: #777777; font-family: regular, sans-serif;\" /><span style=\"color: #777777; font-family: regular, sans-serif;\">-Картографія: поліграфічні та цифрові видання (топографічні та навігаційні карти, плани, атласи, путівники та ін.), Програмне забезпечення, обладнання; Оперативна поліграфія;&nbsp;</span><br style=\"box-sizing: border-box; text-size-adjust: none; color: #777777; font-family: regular, sans-serif;\" /><span style=\"color: #777777; font-family: regular, sans-serif;\">-Геоінформаційні технології: програмне забезпечення, ГІС-проекти;&nbsp;</span><br style=\"box-sizing: border-box; text-size-adjust: none; color: #777777; font-family: regular, sans-serif;\" /><span style=\"color: #777777; font-family: regular, sans-serif;\">-Супутникові технології: супутникові геодезичні приймачі, супутникові навігаційні приймачі та базові станції в системах ГЛОНАСС, GPS, Галілео та ін.;&nbsp;</span><br style=\"box-sizing: border-box; text-size-adjust: none; color: #777777; font-family: regular, sans-serif;\" /><span style=\"color: #777777; font-family: regular, sans-serif;\">-Лазерне сканування: наземні та повітряні лазерні сканери, програмне забезпечення;&nbsp;</span><br style=\"box-sizing: border-box; text-size-adjust: none; color: #777777; font-family: regular, sans-serif;\" /><span style=\"color: #777777; font-family: regular, sans-serif;\">-Дані дистанційного зондування Землі: супутникові та аерознімки;&nbsp;</span><br style=\"box-sizing: border-box; text-size-adjust: none; color: #777777; font-family: regular, sans-serif;\" /><span style=\"color: #777777; font-family: regular, sans-serif;\">-Будівництво будівель та споруд: інженерні вишукування, проектування, спостереження за деформаціями, геодезичне забезпечення будівництва;</span><br style=\"box-sizing: border-box; text-size-adjust: none; color: #777777; font-family: regular, sans-serif;\" /><span style=\"color: #777777; font-family: regular, sans-serif;\">-Земля та нерухомість: кадастрова зйомка, межування, землевпорядкування, технічна інвентаризація та оцінка об\'єктів нерухомості, інформаційні кадастрові системи та ін.;&nbsp;</span><br style=\"box-sizing: border-box; text-size-adjust: none; color: #777777; font-family: regular, sans-serif;\" /><span style=\"color: #777777; font-family: regular, sans-serif;\">-Моніторинг навколишнього середовища;&nbsp;</span><br style=\"box-sizing: border-box; text-size-adjust: none; color: #777777; font-family: regular, sans-serif; margin-bottom: 0px !important;\" /><span style=\"color: #777777; font-family: regular, sans-serif;\">-Природокористування;</span></p>', '2019-01-30', 'ПОДІЇ', 'blogphotos/2019/01/31/18-banner.jpg', 'intergeo-2018-24-ta-providna-mizhnarodna-konferentsiia-ta-torgivelna-vistavka-geodeziyi-geoinformatsiyi-ta-tekhnologii-upravlinnia-zemelnimi-resursami'),
(23, 'День відкритих дверей в ХАІ', 'В ХАІ було проведено день відкритих дверей для всіх бажаючих абітурієнтів. Наша кафедра не стала вийнятком та прийняла бажаючих дізнатися більше про перспективну спеціальність.', '<p>Виконуючий обов\'язки завідуючого кафедри Горелик С.І. пояснив школярам та їх батькам основні напрямки та акценти спеціальностей кафедри. Абітурієнти мали змогу ознайомитись з дипломними роботами наших випускників, переглянути нагороди кафедри та її студентів та окреслити для себе особливості навчання на кафедрі. Основними тезами в.о. завідуючого було те, що на даний момент ГІС є надсучасним та одним із найбільш затребуваних напрямів в IT сфері, те що ринок праці трансформується на міжнародні стандарти, а це значить, що обов\'язковим є знання зарубіжних мов, в нашому випадку - англійської.&nbsp;</p>', '2019-02-09', 'ПОДІЇ', 'blogphotos/2019/02/11/63987483-00a4-4ae0-b96a-9f7269c416b3.jpg', 'den-vidkritikh-dverei-v-khai04201906'),
(24, 'До відому студентів кафедри', 'Студенти та викладачі кафедри запрошуються до участі в ХІІІ Всеукраїнській науково-практичній конференції молодих учених і студентів „ЕКОЛОГІЧНА БЕЗПЕКА ДЕРЖАВИ”.', '<p style=\"text-align: left;\">Студенти та викладачі кафедри запрошуються до участі в ХІІІ Всеукраїнській науково-практичній конференції молодих учених і студентів &bdquo;ЕКОЛОГІЧНА БЕЗПЕКА ДЕРЖАВИ&rdquo;, що проходитиме 18 квітня 2019 року на базі кафедри екології навчально-наукового Інституту екологічної безпеки Національного авіаційного університету (м. Київ)</p>\r\n<h1 style=\"text-align: left;\">Умови участі:</h1>\r\n<p style=\"text-align: left;\">Якщо Ви вирішили приєднатися до лав учасників конференції, Вам слід спершу переглянути <a style=\"box-sizing: border-box;\" href=\"http://ecoconf.nau.edu.ua/files/Informlist_EBD_19.pdf\">інформаційний лист</a>&nbsp;конференції та перелік тематичних секцій (див. нижче) і визначитись яка з них відповідає тематиці Вашої доповіді.</p>\r\n<ul style=\"text-align: left;\">\r\n<li><span class=\"mailParticipation\" style=\"box-sizing: border-box; font-style: italic;\">Секція 1.</span>&nbsp;Екологічна безпека транспорту та військово-промислового комплексу.</li>\r\n<li><span class=\"mailParticipation\" style=\"box-sizing: border-box; font-style: italic;\">Секція 2.</span>&nbsp;Екологічна безпека енергетики та промисловості.</li>\r\n<li><span class=\"mailParticipation\" style=\"box-sizing: border-box; font-style: italic;\">Секція 3.</span>&nbsp;Екологічна безпека сільського господарства, територій та акваторій.</li>\r\n</ul>\r\n<p style=\"text-align: left;\">Особливу увагу приділіть контрольним датам конференції, щоб впевнитись, що Ви маєте достатньо часу для підготовки матеріалів та їх подання до оргкомітету, оскільки певна частина тез доповідей щороку відсилається учасникам на доопрацювання в зв&rsquo;язку з невідповідністю вимогам оформлення.</p>\r\n<p style=\"text-align: left;\">Якщо Ви впевнились, що Ваші тези відповідають заявленим тематикам секцій і Ви встигаєте вчасно надіслати їх до оргкомітету, завантажте файл із&nbsp;<a style=\"box-sizing: border-box;\" href=\"http://ecoconf.nau.edu.ua/files/Zrazok_EBD_19.doc\">зразком оформлення тез доповіді</a>&nbsp;і відповідно до нього та вимог оформлення в&nbsp;<a style=\"box-sizing: border-box;\" href=\"http://ecoconf.nau.edu.ua/files/Informlist_EBD_19.pdf\">інформаційному листі</a>&nbsp;оформіть Ваші тези доповіді. Завантажте та заповніть&nbsp;<a style=\"box-sizing: border-box;\" href=\"http://ecoconf.nau.edu.ua/files/Kartka_19.doc\">картку учасника</a> конференції та надішліть разом із файлом тез доповіді на електронну пошту конференції&nbsp;<span class=\"mailParticipation\" style=\"box-sizing: border-box; font-style: italic;\">ecoconf@nau.edu.ua.</span></p>\r\n<p style=\"text-align: left;\">В разі виникнення будь-яких питань, пишіть на електронну пошту або телефонуйте за нижче вказаними номерами:</p>\r\n<ul style=\"text-align: left;\">\r\n<li style=\"text-align: justify;\">Кондакова Олеся Геннадіївна (прийом тез) &ndash; 044-406-76-35, 067-242-34-70,</li>\r\n<li style=\"text-align: justify;\">Кравець Марія Олександрівна (організаційні питання) &ndash; 044-406-74-52, 067-214-15-54.</li>\r\n</ul>\r\n<p class=\"about\" style=\"box-sizing: border-box; margin: 0px 0px 0px 178.875px; width: 1431.06px; text-indent: 5%; font-size: 20px; font-family: \'Times New Roman\'; text-align: left;\">&nbsp;</p>', '2019-02-11', 'ПОДІЇ', 'blogphotos/2019/02/11/7cb723c0-fa6b-4662-8d69-04433990f2ab.jpg', 'do-vidomu-studentiv-kafedri02201911');
INSERT INTO `blog_posts` (`id`, `title`, `abstract`, `body`, `date`, `category`, `newsfeed`, `slug`) VALUES
(25, 'Конференція \"Сучасні проблеми ракетно-космічної  техніки  і технології\"', 'Студенти та викладачі кафедри запрошуються до участі в XVI науково-практичній  конференції студентів і молодих вчених, що відбудеться 10-12 квітня 2019 року.', '<p class=\"MsoNormal\" style=\"line-height: 115%;\"><span style=\"font-size: 10.5pt; line-height: 115%; font-family: \'Arial\',sans-serif; color: #777777; background: white;\">Згідно наказу, проведення XVI науково-практичної конференції студентів і молодих вчених &laquo;Сучасні проблеми ракетно-космічної&nbsp;&nbsp;техніки&nbsp; і технології&raquo; відбудеться 10-12 квітня 2019 року за наступними секціями:<br /><br /><strong style=\"mso-bidi-font-weight: normal;\">Секція 1.</strong> Фізико-математичне моделювання процесів створення аерокосмічної техніки. Керівник секції: доц., к.т.н. Шевцова М.А.; заступник: доц., д. т. н. Кондратьєв&nbsp; А.В.<br /><br /><strong style=\"mso-bidi-font-weight: normal;\">Секція 2.</strong> Космічна і відновлювана енергетика, енергетичний менеджмент. Керівник секції: проф., к.т.н. Губін С.В.; заступник: доц., к. т. н. Сінченко С.В.<br /><br /><strong style=\"mso-bidi-font-weight: normal;\">Секція 3.</strong> Електрореактивні двигуни, іонно-плазмові технології. Керівник секції: ст. викл., к.т.н. Лоян А.В.; заступник: асистент, к.т.н. Хаустова А.М.<br /><br /><strong style=\"mso-bidi-font-weight: normal;\">Секція 4.</strong> Системний аналіз та математичне моделювання. Керівник секції: проф., д.ф.-м.н. Ніколаєв О.Г.; заступник: доц., к.ф.-м.н. Макаричев В.О.<br /><br /><strong style=\"mso-bidi-font-weight: normal;\">Секція 5.</strong> Космічного моніторингу землі і геоінформаційних технологій. Керівник секції: проф., д.т.н. Бутенко О.С.; заступник доц., к.т.н. Андреєв С.М.<br /></span></p>\r\n<p class=\"MsoNormal\" style=\"margin-bottom: .0001pt; line-height: 115%;\">&nbsp;</p>\r\n<p class=\"MsoNormal\" style=\"margin-bottom: .0001pt; line-height: 115%;\"><span style=\"font-size: 10.5pt; line-height: 115%; font-family: Arial, sans-serif; color: #777777; background-image: initial; background-position: initial; background-size: initial; background-repeat: initial; background-attachment: initial; background-origin: initial; background-clip: initial;\"><strong>Місце проведення:</strong>&nbsp;м. Харків, </span><span style=\"font-size: 10.5pt; line-height: 115%; font-family: Arial, sans-serif; color: #777777; background-image: initial; background-position: initial; background-size: initial; background-repeat: initial; background-attachment: initial; background-origin: initial; background-clip: initial;\">Національний аерокосмічний університет </span><span style=\"font-size: 10.5pt; line-height: 115%; font-family: Arial, sans-serif; color: #777777; background-image: initial; background-position: initial; background-size: initial; background-repeat: initial; background-attachment: initial; background-origin: initial; background-clip: initial;\">ім. М.Є. Жуковського</span></p>\r\n<p class=\"MsoNormal\" style=\"margin-bottom: .0001pt; line-height: 115%;\"><span style=\"font-size: 10.5pt; line-height: 115%; font-family: Arial, sans-serif; color: #777777; background-image: initial; background-position: initial; background-size: initial; background-repeat: initial; background-attachment: initial; background-origin: initial; background-clip: initial;\">&laquo;Харківський авіаційний інститут&raquo;, </span><span style=\"font-size: 10.5pt; line-height: 115%; font-family: Arial, sans-serif; color: #777777; background-image: initial; background-position: initial; background-size: initial; background-repeat: initial; background-attachment: initial; background-origin: initial; background-clip: initial;\">факультет ракетно-космічної техніки.</span></p>\r\n<p class=\"MsoNormal\" style=\"margin-bottom: .0001pt; line-height: 115%;\"><span style=\"font-size: 10.5pt; line-height: 115%; font-family: Arial, sans-serif; color: #777777; background-image: initial; background-position: initial; background-size: initial; background-repeat: initial; background-attachment: initial; background-origin: initial; background-clip: initial;\"><strong>Час проведення: </strong></span><span style=\"font-size: 10.5pt; line-height: 115%; font-family: Arial, sans-serif; color: #777777; background-image: initial; background-position: initial; background-size: initial; background-repeat: initial; background-attachment: initial; background-origin: initial; background-clip: initial;\">10 &ndash; 12 квітня 2019 р.</span></p>\r\n<p class=\"MsoNormal\" style=\"margin-bottom: .0001pt; line-height: 115%;\"><span style=\"font-size: 10.5pt; line-height: 115%; font-family: Arial, sans-serif; color: #777777; background-image: initial; background-position: initial; background-size: initial; background-repeat: initial; background-attachment: initial; background-origin: initial; background-clip: initial;\">10.04.19&nbsp;&nbsp;Реєстрація учасників; пленарне </span><span style=\"font-size: 10.5pt; line-height: 115%; font-family: Arial, sans-serif; color: #777777; background-image: initial; background-position: initial; background-size: initial; background-repeat: initial; background-attachment: initial; background-origin: initial; background-clip: initial;\">засідання, робота секцій;</span></p>\r\n<p class=\"MsoNormal\" style=\"margin-bottom: .0001pt; line-height: 115%;\"><span style=\"font-size: 10.5pt; line-height: 115%; font-family: Arial, sans-serif; color: #777777; background-image: initial; background-position: initial; background-size: initial; background-repeat: initial; background-attachment: initial; background-origin: initial; background-clip: initial;\">10.04.19 &ndash; 11.04.19 Робота секцій;</span></p>\r\n<p class=\"MsoNormal\" style=\"line-height: 115%;\">&nbsp;</p>\r\n<p class=\"MsoNormal\" style=\"margin-bottom: .0001pt; line-height: 115%;\"><span style=\"font-size: 10.5pt; line-height: 115%; font-family: Arial, sans-serif; color: #777777; background-image: initial; background-position: initial; background-size: initial; background-repeat: initial; background-attachment: initial; background-origin: initial; background-clip: initial;\">12.04.19 &ndash; Пленарне закриття.</span></p>\r\n<p class=\"MsoNormal\" style=\"line-height: 115%;\"><span style=\"font-size: 10.5pt; line-height: 115%; font-family: \'Arial\',sans-serif; color: #777777; background: white;\"><strong>Строк подачі тез</strong> - до 20.03.19 з актами експертизи та оплатою (у 125 улк).&nbsp;</span></p>\r\n<p class=\"MsoNormal\" style=\"line-height: 115%;\"><span style=\"font-size: 10.5pt; line-height: 115%; font-family: \'Arial\',sans-serif; color: #777777; background: white;\"><br />з повагою,&nbsp;<br />заст. декана з наукової роботи&nbsp;<br />С.В.Сінченко</span></p>', '2019-02-13', 'ПОДІЇ', 'blogphotos/2019/02/13/2c74beb8-e35e-451b-933c-bce290f97559.jpg', 'konferentsiia-suchasni-problemi-raketno-kosmichnoyi-tekhniki-i-tekhnologiyi04201906');

-- --------------------------------------------------------

--
-- Структура таблицы `django_admin_log`
--

CREATE TABLE `django_admin_log` (
  `id` int(11) NOT NULL,
  `action_time` datetime(6) NOT NULL,
  `object_id` longtext COLLATE utf8mb4_unicode_ci,
  `object_repr` varchar(200) COLLATE utf8mb4_unicode_ci NOT NULL,
  `action_flag` smallint(5) UNSIGNED NOT NULL,
  `change_message` longtext COLLATE utf8mb4_unicode_ci NOT NULL,
  `content_type_id` int(11) DEFAULT NULL,
  `user_id` int(11) NOT NULL
) ENGINE=MyISAM DEFAULT CHARSET=utf8mb4 COLLATE=utf8mb4_unicode_ci;

-- --------------------------------------------------------

--
-- Структура таблицы `django_content_type`
--

CREATE TABLE `django_content_type` (
  `id` int(11) NOT NULL,
  `app_label` varchar(100) NOT NULL,
  `model` varchar(100) NOT NULL
) ENGINE=MyISAM DEFAULT CHARSET=cp1251;

--
-- Дамп данных таблицы `django_content_type`
--

INSERT INTO `django_content_type` (`id`, `app_label`, `model`) VALUES
(1, 'admin', 'logentry'),
(2, 'auth', 'permission'),
(3, 'auth', 'group'),
(4, 'auth', 'user'),
(5, 'contenttypes', 'contenttype'),
(6, 'sessions', 'session'),
(7, 'blog', 'posts'),
(8, 'blog', 'gallerycategory'),
(9, 'blog', 'gallery'),
(10, 'blog', 'galleryimage'),
(11, 'blog', 'postimage'),
(12, 'blog', 'postfile');

-- --------------------------------------------------------

--
-- Структура таблицы `django_migrations`
--

CREATE TABLE `django_migrations` (
  `id` int(11) NOT NULL,
  `app` varchar(255) NOT NULL,
  `name` varchar(255) NOT NULL,
  `applied` datetime(6) NOT NULL
) ENGINE=MyISAM DEFAULT CHARSET=cp1251;

--
-- Дамп данных таблицы `django_migrations`
--

INSERT INTO `django_migrations` (`id`, `app`, `name`, `applied`) VALUES
(16, 'contenttypes', '0001_initial', '2019-04-06 22:18:09.718030'),
(17, 'auth', '0001_initial', '2019-04-06 22:18:09.741086'),
(18, 'admin', '0001_initial', '2019-04-06 22:18:09.743454'),
(31, 'admin', '0002_logentry_remove_auto_add', '2019-04-21 12:05:11.276572'),
(20, 'contenttypes', '0002_remove_content_type_name', '2019-04-06 22:18:09.747588'),
(21, 'auth', '0002_alter_permission_name_max_length', '2019-04-06 22:18:09.750005'),
(22, 'auth', '0003_alter_user_email_max_length', '2019-04-06 22:18:09.752799'),
(23, 'auth', '0004_alter_user_username_opts', '2019-04-06 22:18:09.754533'),
(24, 'auth', '0005_alter_user_last_login_null', '2019-04-06 22:18:09.756768'),
(25, 'auth', '0006_require_contenttypes_0002', '2019-04-06 22:18:09.759328'),
(26, 'auth', '0007_alter_validators_add_error_messages', '2019-04-06 22:18:09.761573'),
(27, 'auth', '0008_alter_user_username_max_length', '2019-04-06 22:18:09.763690'),
(28, 'auth', '0009_alter_user_last_name_max_length', '2019-04-06 22:18:09.765407'),
(29, 'blog', '0001_initial', '2019-04-06 22:18:09.767048'),
(30, 'sessions', '0001_initial', '2019-04-06 22:18:09.768706');

-- --------------------------------------------------------

--
-- Структура таблицы `django_session`
--

CREATE TABLE `django_session` (
  `session_key` varchar(40) NOT NULL,
  `session_data` longtext NOT NULL,
  `expire_date` datetime(6) NOT NULL
) ENGINE=MyISAM DEFAULT CHARSET=cp1251;

--
-- Дамп данных таблицы `django_session`
--

INSERT INTO `django_session` (`session_key`, `session_data`, `expire_date`) VALUES
('axc3uylvy1the4e5rp5xu9twvqdskhuz', 'ZGYzNjcxM2U2ZDk0MzhjMGZhYjk0ODU3NmYxZmJjYjk5MGY2ZjcwNTp7Il9hdXRoX3VzZXJfaWQiOiIxIiwiX2F1dGhfdXNlcl9oYXNoIjoiMWY5MDdiMmY0Zjg4MTE0NWMzOGNkODAwODk3OGVlODVmZjQ5NGY0NCIsIl9hdXRoX3VzZXJfYmFja2VuZCI6ImRqYW5nby5jb250cmliLmF1dGguYmFja2VuZHMuTW9kZWxCYWNrZW5kIn0=', '2019-02-13 09:25:13.411555'),
('vcjbnvatvqn0dmwuyc7brujonjx3ibhj', 'MTQ3NTkxMzAyMGEyOWMyOWUwYzJiZDNkMjgwYWVlMjY3YjE4MWRmNTp7Il9hdXRoX3VzZXJfYmFja2VuZCI6ImRqYW5nby5jb250cmliLmF1dGguYmFja2VuZHMuTW9kZWxCYWNrZW5kIiwiX2F1dGhfdXNlcl9pZCI6IjEiLCJfYXV0aF91c2VyX2hhc2giOiIxZjkwN2IyZjRmODgxMTQ1YzM4Y2Q4MDA4OTc4ZWU4NWZmNDk0ZjQ0In0=', '2019-02-14 07:47:08.706821'),
('h26797zjkbdsqo8pc51o218o5wqf1khp', 'MmMzZGMzMDhhMzM1NTI5N2ZmMDIxOGIzNTBhYjgwNGQwZjA3MzgyYzp7Il9hdXRoX3VzZXJfaGFzaCI6IjFmOTA3YjJmNGY4ODExNDVjMzhjZDgwMDg5NzhlZTg1ZmY0OTRmNDQiLCJfYXV0aF91c2VyX2lkIjoiMSIsIl9hdXRoX3VzZXJfYmFja2VuZCI6ImRqYW5nby5jb250cmliLmF1dGguYmFja2VuZHMuTW9kZWxCYWNrZW5kIn0=', '2019-02-14 09:48:59.512276'),
('q4meht03k666mvovpklmof296mt2r0pt', 'M2JlMzM4ODFhNDA0NDJiMWE5NDkwN2Y0NTRmYmQ0NWQzMGZjZDQwMTp7Il9hdXRoX3VzZXJfaGFzaCI6IjFkYzRmOGYzYzBlNWI4NjZmNjEyMTNlYmM0OWNlYmNlZTIzNmZiZjMiLCJfYXV0aF91c2VyX2lkIjoiMyIsIl9hdXRoX3VzZXJfYmFja2VuZCI6ImRqYW5nby5jb250cmliLmF1dGguYmFja2VuZHMuTW9kZWxCYWNrZW5kIn0=', '2019-02-14 18:56:14.467363'),
('ixdn8aym5x4964iwdvrbgrdnigvapga1', 'MmEyZDkzZDAxZDIwNzMzMmI5Mzc4Y2JjNWM5Zjk1MzQ3MjU0ZThmNzp7Il9hdXRoX3VzZXJfaGFzaCI6IjFmOTA3YjJmNGY4ODExNDVjMzhjZDgwMDg5NzhlZTg1ZmY0OTRmNDQiLCJfYXV0aF91c2VyX2JhY2tlbmQiOiJkamFuZ28uY29udHJpYi5hdXRoLmJhY2tlbmRzLk1vZGVsQmFja2VuZCIsIl9hdXRoX3VzZXJfaWQiOiIxIn0=', '2019-02-15 10:43:48.713873'),
('t7815zkaocdizftogneugghid9fnvpeg', 'YTFhMTcyN2IzOGM0YzA0MzBmYjQxYmNmOTEwZTQ4MWJjNmM1YzIzZTp7Il9hdXRoX3VzZXJfaGFzaCI6IjFkYzRmOGYzYzBlNWI4NjZmNjEyMTNlYmM0OWNlYmNlZTIzNmZiZjMiLCJfYXV0aF91c2VyX2JhY2tlbmQiOiJkamFuZ28uY29udHJpYi5hdXRoLmJhY2tlbmRzLk1vZGVsQmFja2VuZCIsIl9hdXRoX3VzZXJfaWQiOiIzIn0=', '2019-02-20 16:14:21.709820'),
('hxvobdeiwnqtpqnd6wpigvhamt01uawf', 'M2JlMzM4ODFhNDA0NDJiMWE5NDkwN2Y0NTRmYmQ0NWQzMGZjZDQwMTp7Il9hdXRoX3VzZXJfaGFzaCI6IjFkYzRmOGYzYzBlNWI4NjZmNjEyMTNlYmM0OWNlYmNlZTIzNmZiZjMiLCJfYXV0aF91c2VyX2lkIjoiMyIsIl9hdXRoX3VzZXJfYmFja2VuZCI6ImRqYW5nby5jb250cmliLmF1dGguYmFja2VuZHMuTW9kZWxCYWNrZW5kIn0=', '2019-02-21 06:55:14.998428'),
('mf6wclhqq8xbl2fke3g0glyqaabaom8p', 'Mzc1ZTRkMTJlOTE2OGZjNjg0NjZjOGQ2ZjUxMGIzOWEzMjAyNDE2OTp7Il9hdXRoX3VzZXJfaWQiOiIyIiwiX2F1dGhfdXNlcl9iYWNrZW5kIjoiZGphbmdvLmNvbnRyaWIuYXV0aC5iYWNrZW5kcy5Nb2RlbEJhY2tlbmQiLCJfYXV0aF91c2VyX2hhc2giOiIxMGM1YTI2ODEwMDJiZTIzMGQ4MWMxMmUwNDQxYTRhNGFhZmVhNzdkIn0=', '2019-02-25 13:04:34.264858'),
('7bp5zdkdu2eb4mc3hswn6fqbm0ov6enm', 'MmEyZDkzZDAxZDIwNzMzMmI5Mzc4Y2JjNWM5Zjk1MzQ3MjU0ZThmNzp7Il9hdXRoX3VzZXJfaGFzaCI6IjFmOTA3YjJmNGY4ODExNDVjMzhjZDgwMDg5NzhlZTg1ZmY0OTRmNDQiLCJfYXV0aF91c2VyX2JhY2tlbmQiOiJkamFuZ28uY29udHJpYi5hdXRoLmJhY2tlbmRzLk1vZGVsQmFja2VuZCIsIl9hdXRoX3VzZXJfaWQiOiIxIn0=', '2019-04-05 11:46:12.644246'),
('xk4sioaiguaxxj8g9i27ertw4awm4nqz', 'N2IwNzlhYjZlMjAzNzJlN2FkNDkyMTgyZmI0MTAwZWRkOWFiOWE2Njp7Il9hdXRoX3VzZXJfYmFja2VuZCI6ImRqYW5nby5jb250cmliLmF1dGguYmFja2VuZHMuTW9kZWxCYWNrZW5kIiwiX2F1dGhfdXNlcl9pZCI6IjMiLCJfYXV0aF91c2VyX2hhc2giOiIxZGM0ZjhmM2MwZTViODY2ZjYxMjEzZWJjNDljZWJjZWUyMzZmYmYzIn0=', '2019-04-08 16:49:07.501343'),
('i5ef0250ld31k66rq3detsvzsxf5udw5', 'OWUzZGFlZmFjZWE0MWYyNmIyMGQ4YWI5NDhmOTk4OTc2ZWVmYjc0ODp7Il9hdXRoX3VzZXJfaWQiOiIzIiwiX2F1dGhfdXNlcl9iYWNrZW5kIjoiZGphbmdvLmNvbnRyaWIuYXV0aC5iYWNrZW5kcy5Nb2RlbEJhY2tlbmQiLCJfYXV0aF91c2VyX2hhc2giOiIxZGM0ZjhmM2MwZTViODY2ZjYxMjEzZWJjNDljZWJjZWUyMzZmYmYzIn0=', '2019-04-20 18:46:25.126409'),
('jvvd6dtxgdlj1xgb3cm673c6cq8lprk9', 'MmI2YmM0YmExOTJmNWFkNjVmYWE3NDU1NzgxMGUwZTUyM2VhMjUzMjp7Il9hdXRoX3VzZXJfaWQiOiIzIiwiX2F1dGhfdXNlcl9oYXNoIjoiMWRjNGY4ZjNjMGU1Yjg2NmY2MTIxM2ViYzQ5Y2ViY2VlMjM2ZmJmMyIsIl9hdXRoX3VzZXJfYmFja2VuZCI6ImRqYW5nby5jb250cmliLmF1dGguYmFja2VuZHMuTW9kZWxCYWNrZW5kIn0=', '2019-04-20 19:30:05.286173'),
('vn4nuwx35up2qmyvbwqgv41kk43nqmbx', 'MmEyZDkzZDAxZDIwNzMzMmI5Mzc4Y2JjNWM5Zjk1MzQ3MjU0ZThmNzp7Il9hdXRoX3VzZXJfaGFzaCI6IjFmOTA3YjJmNGY4ODExNDVjMzhjZDgwMDg5NzhlZTg1ZmY0OTRmNDQiLCJfYXV0aF91c2VyX2JhY2tlbmQiOiJkamFuZ28uY29udHJpYi5hdXRoLmJhY2tlbmRzLk1vZGVsQmFja2VuZCIsIl9hdXRoX3VzZXJfaWQiOiIxIn0=', '2019-04-20 19:45:13.833492'),
('x928xih7kxzdy8zp7jakheko1uynauog', 'MmMzZGMzMDhhMzM1NTI5N2ZmMDIxOGIzNTBhYjgwNGQwZjA3MzgyYzp7Il9hdXRoX3VzZXJfaGFzaCI6IjFmOTA3YjJmNGY4ODExNDVjMzhjZDgwMDg5NzhlZTg1ZmY0OTRmNDQiLCJfYXV0aF91c2VyX2lkIjoiMSIsIl9hdXRoX3VzZXJfYmFja2VuZCI6ImRqYW5nby5jb250cmliLmF1dGguYmFja2VuZHMuTW9kZWxCYWNrZW5kIn0=', '2019-04-22 07:19:58.799367'),
('gucg21ptfdyr985v4jsned0j05qt0g9j', 'MmMzZGMzMDhhMzM1NTI5N2ZmMDIxOGIzNTBhYjgwNGQwZjA3MzgyYzp7Il9hdXRoX3VzZXJfaGFzaCI6IjFmOTA3YjJmNGY4ODExNDVjMzhjZDgwMDg5NzhlZTg1ZmY0OTRmNDQiLCJfYXV0aF91c2VyX2lkIjoiMSIsIl9hdXRoX3VzZXJfYmFja2VuZCI6ImRqYW5nby5jb250cmliLmF1dGguYmFja2VuZHMuTW9kZWxCYWNrZW5kIn0=', '2019-05-05 11:54:33.214247');

--
-- Индексы сохранённых таблиц
--

--
-- Индексы таблицы `auth_group`
--
ALTER TABLE `auth_group`
  ADD PRIMARY KEY (`id`),
  ADD UNIQUE KEY `name` (`name`);

--
-- Индексы таблицы `auth_group_permissions`
--
ALTER TABLE `auth_group_permissions`
  ADD PRIMARY KEY (`id`),
  ADD UNIQUE KEY `auth_group_permissions_group_id_permission_id_0cd325b0_uniq` (`group_id`,`permission_id`),
  ADD KEY `auth_group_permissions_group_id_b120cbf9` (`group_id`),
  ADD KEY `auth_group_permissions_permission_id_84c5c92e` (`permission_id`);

--
-- Индексы таблицы `auth_permission`
--
ALTER TABLE `auth_permission`
  ADD PRIMARY KEY (`id`),
  ADD UNIQUE KEY `auth_permission_content_type_id_codename_01ab375a_uniq` (`content_type_id`,`codename`),
  ADD KEY `auth_permission_content_type_id_2f476e4b` (`content_type_id`);

--
-- Индексы таблицы `auth_user`
--
ALTER TABLE `auth_user`
  ADD PRIMARY KEY (`id`),
  ADD UNIQUE KEY `username` (`username`);

--
-- Индексы таблицы `auth_user_groups`
--
ALTER TABLE `auth_user_groups`
  ADD PRIMARY KEY (`id`),
  ADD UNIQUE KEY `auth_user_groups_user_id_group_id_94350c0c_uniq` (`user_id`,`group_id`),
  ADD KEY `auth_user_groups_user_id_6a12ed8b` (`user_id`),
  ADD KEY `auth_user_groups_group_id_97559544` (`group_id`);

--
-- Индексы таблицы `auth_user_user_permissions`
--
ALTER TABLE `auth_user_user_permissions`
  ADD PRIMARY KEY (`id`),
  ADD UNIQUE KEY `auth_user_user_permissions_user_id_permission_id_14a6b632_uniq` (`user_id`,`permission_id`),
  ADD KEY `auth_user_user_permissions_user_id_a95ead1b` (`user_id`),
  ADD KEY `auth_user_user_permissions_permission_id_1fbb5f2c` (`permission_id`);

--
-- Индексы таблицы `blog_gallery`
--
ALTER TABLE `blog_gallery`
  ADD PRIMARY KEY (`id`),
  ADD UNIQUE KEY `slug` (`slug`),
  ADD KEY `blog_gallery_category_id_f0a8dfa1` (`category_id`);

--
-- Индексы таблицы `blog_gallerycategory`
--
ALTER TABLE `blog_gallerycategory`
  ADD PRIMARY KEY (`id`);

--
-- Индексы таблицы `blog_galleryimage`
--
ALTER TABLE `blog_galleryimage`
  ADD PRIMARY KEY (`id`),
  ADD KEY `blog_galleryimage_gallery_id_97ca7774` (`gallery_id`);

--
-- Индексы таблицы `blog_postfile`
--
ALTER TABLE `blog_postfile`
  ADD PRIMARY KEY (`id`),
  ADD KEY `blog_postfile_posts_id_17b84dcf` (`posts_id`);

--
-- Индексы таблицы `blog_postimage`
--
ALTER TABLE `blog_postimage`
  ADD PRIMARY KEY (`id`),
  ADD KEY `blog_postimage_posts_id_b9ad6e19` (`posts_id`);

--
-- Индексы таблицы `blog_posts`
--
ALTER TABLE `blog_posts`
  ADD PRIMARY KEY (`id`),
  ADD UNIQUE KEY `slug` (`slug`);

--
-- Индексы таблицы `django_admin_log`
--
ALTER TABLE `django_admin_log`
  ADD PRIMARY KEY (`id`),
  ADD KEY `django_admin_log_content_type_id_c4bce8eb` (`content_type_id`),
  ADD KEY `django_admin_log_user_id_c564eba6` (`user_id`);

--
-- Индексы таблицы `django_content_type`
--
ALTER TABLE `django_content_type`
  ADD PRIMARY KEY (`id`),
  ADD UNIQUE KEY `django_content_type_app_label_model_76bd3d3b_uniq` (`app_label`,`model`);

--
-- Индексы таблицы `django_migrations`
--
ALTER TABLE `django_migrations`
  ADD PRIMARY KEY (`id`);

--
-- Индексы таблицы `django_session`
--
ALTER TABLE `django_session`
  ADD PRIMARY KEY (`session_key`),
  ADD KEY `django_session_expire_date_a5c62663` (`expire_date`);

--
-- AUTO_INCREMENT для сохранённых таблиц
--

--
-- AUTO_INCREMENT для таблицы `auth_group`
--
ALTER TABLE `auth_group`
  MODIFY `id` int(11) NOT NULL AUTO_INCREMENT, AUTO_INCREMENT=2;

--
-- AUTO_INCREMENT для таблицы `auth_group_permissions`
--
ALTER TABLE `auth_group_permissions`
  MODIFY `id` int(11) NOT NULL AUTO_INCREMENT, AUTO_INCREMENT=16;

--
-- AUTO_INCREMENT для таблицы `auth_permission`
--
ALTER TABLE `auth_permission`
  MODIFY `id` int(11) NOT NULL AUTO_INCREMENT, AUTO_INCREMENT=37;

--
-- AUTO_INCREMENT для таблицы `auth_user`
--
ALTER TABLE `auth_user`
  MODIFY `id` int(11) NOT NULL AUTO_INCREMENT, AUTO_INCREMENT=4;

--
-- AUTO_INCREMENT для таблицы `auth_user_groups`
--
ALTER TABLE `auth_user_groups`
  MODIFY `id` int(11) NOT NULL AUTO_INCREMENT, AUTO_INCREMENT=2;

--
-- AUTO_INCREMENT для таблицы `auth_user_user_permissions`
--
ALTER TABLE `auth_user_user_permissions`
  MODIFY `id` int(11) NOT NULL AUTO_INCREMENT;

--
-- AUTO_INCREMENT для таблицы `blog_gallery`
--
ALTER TABLE `blog_gallery`
  MODIFY `id` int(11) NOT NULL AUTO_INCREMENT, AUTO_INCREMENT=13;

--
-- AUTO_INCREMENT для таблицы `blog_gallerycategory`
--
ALTER TABLE `blog_gallerycategory`
  MODIFY `id` int(11) NOT NULL AUTO_INCREMENT, AUTO_INCREMENT=3;

--
-- AUTO_INCREMENT для таблицы `blog_galleryimage`
--
ALTER TABLE `blog_galleryimage`
  MODIFY `id` int(11) NOT NULL AUTO_INCREMENT, AUTO_INCREMENT=270;

--
-- AUTO_INCREMENT для таблицы `blog_postfile`
--
ALTER TABLE `blog_postfile`
  MODIFY `id` int(11) NOT NULL AUTO_INCREMENT, AUTO_INCREMENT=4;

--
-- AUTO_INCREMENT для таблицы `blog_postimage`
--
ALTER TABLE `blog_postimage`
  MODIFY `id` int(11) NOT NULL AUTO_INCREMENT, AUTO_INCREMENT=46;

--
-- AUTO_INCREMENT для таблицы `blog_posts`
--
ALTER TABLE `blog_posts`
  MODIFY `id` int(11) NOT NULL AUTO_INCREMENT, AUTO_INCREMENT=28;

--
-- AUTO_INCREMENT для таблицы `django_admin_log`
--
ALTER TABLE `django_admin_log`
  MODIFY `id` int(11) NOT NULL AUTO_INCREMENT;

--
-- AUTO_INCREMENT для таблицы `django_content_type`
--
ALTER TABLE `django_content_type`
  MODIFY `id` int(11) NOT NULL AUTO_INCREMENT, AUTO_INCREMENT=13;

--
-- AUTO_INCREMENT для таблицы `django_migrations`
--
ALTER TABLE `django_migrations`
  MODIFY `id` int(11) NOT NULL AUTO_INCREMENT, AUTO_INCREMENT=32;
COMMIT;

/*!40101 SET CHARACTER_SET_CLIENT=@OLD_CHARACTER_SET_CLIENT */;
/*!40101 SET CHARACTER_SET_RESULTS=@OLD_CHARACTER_SET_RESULTS */;
/*!40101 SET COLLATION_CONNECTION=@OLD_COLLATION_CONNECTION */;
